id,solver,instance,n_items,n_classes,type,objective,solver_wall_time,best_bound,opt_gap,termination_reason,columns,iterations,iterations_heuristic,iterations_exact,frac_iter_heuristic,frac_iter_exact,time_master,time_sub,time_sub_heuristic,time_sub_exact,frac_time_master,frac_time_sub,frac_time_sub_heuristic,frac_time_sub_exact
1,colgen,set3_t1_corr/I250_C3_1,250,3,1,3503.76,550.83,3503.76,0.0,OPTIMAL,2870,347,329,18,0.95,0.05,8.48,541.15,22.63,518.53,0.02,0.98,0.04,0.94
1,colgen,set3_t1_corr/I250_C3_10,250,3,1,3391.38,75.39,3391.38,0.0,OPTIMAL,2219,238,223,15,0.94,0.06,4.94,69.63,15.34,54.3,0.07,0.92,0.2,0.72
1,colgen,set3_t1_corr/I250_C3_2,250,3,1,3895.44,39.88,3895.44,0.0,OPTIMAL,2174,261,249,12,0.95,0.05,4.01,34.98,12.21,22.77,0.1,0.88,0.31,0.57
1,colgen,set3_t1_corr/I250_C3_3,250,3,1,3095.87,1011.69,3095.87,0.0,OPTIMAL,2865,295,279,16,0.95,0.05,9.07,1001.51,21.8,979.71,0.01,0.99,0.02,0.97
1,colgen,set3_t1_corr/I250_C3_4,250,3,1,3044.57,249.82,3044.57,0.0,OPTIMAL,2479,322,304,18,0.94,0.06,7.99,240.76,20.73,220.03,0.03,0.96,0.08,0.88
1,colgen,set3_t1_corr/I250_C3_5,250,3,1,3206.84,1147.44,3206.84,0.0,OPTIMAL,2867,352,332,20,0.94,0.06,9.64,1136.41,26.01,1110.4,0.01,0.99,0.02,0.97
1,colgen,set3_t1_corr/I250_C3_6,250,3,1,2715.32,41341.79,2715.32,0.0,OPTIMAL,3402,370,350,20,0.95,0.05,17.32,41323.13,43.58,41279.55,0.0,1.0,0.0,1.0
1,colgen,set3_t1_corr/I250_C3_7,250,3,1,4120.02,47.11,4120.02,0.0,OPTIMAL,2247,264,247,17,0.94,0.06,4.19,41.88,13.38,28.51,0.09,0.89,0.28,0.61
1,colgen,set3_t1_corr/I250_C3_8,250,3,1,2820.88,2896.84,2820.88,0.0,OPTIMAL,2999,357,339,18,0.95,0.05,12.62,2882.8,35.71,2847.1,0.0,1.0,0.01,0.98
1,colgen,set3_t1_corr/I250_C3_9,250,3,1,2515.88,61430.6,2515.88,0.0,OPTIMAL,3614,392,366,26,0.93,0.07,20.21,61408.89,59.0,61349.9,0.0,1.0,0.0,1.0
1,colgen,set3_t1_noncorr/I250_C3_1,250,3,1,3540.9,101.95,3540.9,0.0,OPTIMAL,2419,311,294,17,0.95,0.05,6.01,94.78,17.55,77.23,0.06,0.93,0.17,0.76
1,colgen,set3_t1_noncorr/I250_C3_10,250,3,1,3385.09,275.16,3385.09,0.0,OPTIMAL,2615,267,254,13,0.95,0.05,6.9,267.24,17.1,250.15,0.03,0.97,0.06,0.91
1,colgen,set3_t1_noncorr/I250_C3_2,250,3,1,3247.43,446.35,3247.43,0.0,OPTIMAL,2550,295,277,18,0.94,0.06,7.79,437.47,20.08,417.38,0.02,0.98,0.04,0.94
1,colgen,set3_t1_noncorr/I250_C3_3,250,3,1,3170.2,1031.82,3170.2,0.0,OPTIMAL,2828,319,301,18,0.94,0.06,9.26,1021.39,24.47,996.91,0.01,0.99,0.02,0.97
1,colgen,set3_t1_noncorr/I250_C3_4,250,3,1,3084.72,1881.48,3084.72,0.0,OPTIMAL,3079,353,333,20,0.94,0.06,10.73,1869.42,26.64,1842.77,0.01,0.99,0.01,0.98
1,colgen,set3_t1_noncorr/I250_C3_5,250,3,1,3183.1,1242.17,3183.1,0.0,OPTIMAL,2997,328,310,18,0.95,0.05,9.55,1231.28,24.67,1206.62,0.01,0.99,0.02,0.97
1,colgen,set3_t1_noncorr/I250_C3_6,250,3,1,3586.62,99.25,3586.62,0.0,OPTIMAL,2476,306,288,18,0.94,0.06,6.15,92.01,16.6,75.41,0.06,0.93,0.17,0.76
1,colgen,set3_t1_noncorr/I250_C3_7,250,3,1,3012.08,1559.02,3012.08,0.0,OPTIMAL,3050,351,327,24,0.93,0.07,11.52,1546.15,31.0,1515.15,0.01,0.99,0.02,0.97
1,colgen,set3_t1_noncorr/I250_C3_8,250,3,1,3395.44,40.38,3395.44,0.0,OPTIMAL,1685,189,172,17,0.91,0.09,3.06,36.51,11.79,24.72,0.08,0.9,0.29,0.61
1,colgen,set3_t1_noncorr/I250_C3_9,250,3,1,3407.56,313.65,3407.56,0.0,OPTIMAL,2663,307,291,16,0.95,0.05,7.1,305.55,18.83,286.72,0.02,0.97,0.06,0.91
1,colgen,set3_t1_corr/I250_C4_1,250,4,1,3832.1,400.75,3832.1,0.0,OPTIMAL,2972,344,328,16,0.95,0.05,7.75,391.78,20.8,370.98,0.02,0.98,0.05,0.93
1,colgen,set3_t1_corr/I250_C4_10,250,4,1,4182.4,37.41,4182.4,0.0,OPTIMAL,2084,241,225,16,0.93,0.07,3.86,32.68,12.62,20.07,0.1,0.87,0.34,0.54
1,colgen,set3_t1_corr/I250_C4_2,250,4,1,5222.42,16.41,5222.42,0.0,OPTIMAL,1806,202,192,10,0.95,0.05,2.26,13.42,8.59,4.83,0.14,0.82,0.52,0.29
1,colgen,set3_t1_corr/I250_C4_3,250,4,1,3595.28,769.01,3595.28,0.0,OPTIMAL,2814,306,289,17,0.94,0.06,8.2,759.6,20.37,739.23,0.01,0.99,0.03,0.96
1,colgen,set3_t1_corr/I250_C4_4,250,4,1,4361.91,32.77,4361.91,0.0,OPTIMAL,2093,252,237,15,0.94,0.06,3.68,28.19,12.48,15.71,0.11,0.86,0.38,0.48
1,colgen,set3_t1_corr/I250_C4_5,250,4,1,3655.48,516.87,3655.48,0.0,OPTIMAL,2994,357,343,14,0.96,0.04,8.28,507.38,20.4,486.98,0.02,0.98,0.04,0.94
1,colgen,set3_t1_corr/I250_C4_6,250,4,1,3765.39,489.97,3765.39,0.0,OPTIMAL,2958,335,318,17,0.95,0.05,7.88,480.97,20.14,460.83,0.02,0.98,0.04,0.94
1,colgen,set3_t1_corr/I250_C4_7,250,4,1,5426.24,17.68,5426.24,0.0,OPTIMAL,1907,203,190,13,0.94,0.06,2.25,14.58,8.86,5.71,0.13,0.82,0.5,0.32
1,colgen,set3_t1_corr/I250_C4_8,250,4,1,3729.65,192.87,3729.65,0.0,OPTIMAL,2511,289,273,16,0.94,0.06,6.29,185.44,18.27,167.17,0.03,0.96,0.09,0.87
1,colgen,set3_t1_corr/I250_C4_9,250,4,1,3617.49,733.64,3617.49,0.0,OPTIMAL,2923,343,324,19,0.94,0.06,8.91,723.45,22.18,701.27,0.01,0.99,0.03,0.96
1,colgen,set3_t1_noncorr/I250_C4_1,250,4,1,4279.4,48.41,4279.4,0.0,OPTIMAL,2391,270,257,13,0.95,0.05,4.56,42.91,13.69,29.22,0.09,0.89,0.28,0.6
1,colgen,set3_t1_noncorr/I250_C4_10,250,4,1,4094.21,73.52,4094.21,0.0,OPTIMAL,2418,268,255,13,0.95,0.05,5.05,67.5,14.92,52.59,0.07,0.92,0.2,0.72
1,colgen,set3_t1_noncorr/I250_C4_2,250,4,1,3961.83,185.66,3961.83,0.0,OPTIMAL,2760,318,299,19,0.94,0.06,6.9,177.65,21.2,156.45,0.04,0.96,0.11,0.84
1,colgen,set3_t1_noncorr/I250_C4_3,250,4,1,3832.05,258.51,3832.05,0.0,OPTIMAL,2700,326,311,15,0.95,0.05,7.05,250.43,19.32,231.11,0.03,0.97,0.07,0.89
1,colgen,set3_t1_noncorr/I250_C4_4,250,4,1,3721.01,406.21,3721.01,0.0,OPTIMAL,2906,320,303,17,0.95,0.05,7.91,397.14,20.04,377.1,0.02,0.98,0.05,0.93
1,colgen,set3_t1_noncorr/I250_C4_5,250,4,1,3854.99,336.65,3854.99,0.0,OPTIMAL,2867,333,316,17,0.95,0.05,7.45,327.99,21.75,306.24,0.02,0.97,0.06,0.91
1,colgen,set3_t1_noncorr/I250_C4_6,250,4,1,3993.81,88.72,3993.81,0.0,OPTIMAL,2399,295,279,16,0.95,0.05,5.33,82.49,15.72,66.77,0.06,0.93,0.18,0.75
1,colgen,set3_t1_noncorr/I250_C4_7,250,4,1,3485.23,1405.68,3485.23,0.0,OPTIMAL,2839,336,313,23,0.93,0.07,9.08,1395.34,27.82,1367.53,0.01,0.99,0.02,0.97
1,colgen,set3_t1_noncorr/I250_C4_8,250,4,1,4052.05,37.75,4052.05,0.0,OPTIMAL,2125,251,237,14,0.94,0.06,4.19,32.66,13.07,19.59,0.11,0.87,0.35,0.52
1,colgen,set3_t1_noncorr/I250_C4_9,250,4,1,4077.2,148.46,4077.2,0.0,OPTIMAL,2696,308,292,16,0.95,0.05,6.19,141.19,16.8,124.38,0.04,0.95,0.11,0.84
1,colgen,set3_t1_corr/I250_C5_1,250,5,1,4905.08,44.17,4905.08,0.0,OPTIMAL,2357,313,293,20,0.94,0.06,3.99,39.2,14.64,24.56,0.09,0.89,0.33,0.56
1,colgen,set3_t1_corr/I250_C5_10,250,5,1,5862.76,16.79,5862.76,0.0,OPTIMAL,1891,203,191,12,0.94,0.06,2.14,13.79,9.19,4.6,0.13,0.82,0.55,0.27
1,colgen,set3_t1_corr/I250_C5_2,250,5,1,6417.59,13.19,6417.59,0.0,OPTIMAL,1684,192,182,10,0.95,0.05,1.5,11.03,7.94,3.09,0.11,0.84,0.6,0.23
1,colgen,set3_t1_corr/I250_C5_3,250,5,1,3963.14,748.5,3963.14,0.0,OPTIMAL,2980,351,331,20,0.94,0.06,7.67,739.67,23.52,716.15,0.01,0.99,0.03,0.96
1,colgen,set3_t1_corr/I250_C5_4,250,5,1,5671.37,15.31,5671.37,0.0,OPTIMAL,1890,203,194,9,0.96,0.04,2.1,12.23,8.69,3.54,0.14,0.8,0.57,0.23
1,colgen,set3_t1_corr/I250_C5_5,250,5,1,3999.97,780.57,3999.97,0.0,OPTIMAL,3103,394,371,23,0.94,0.06,9.39,769.97,25.62,744.35,0.01,0.99,0.03,0.95
1,colgen,set3_t1_corr/I250_C5_6,250,5,1,4717.21,45.11,4717.21,0.0,OPTIMAL,2426,292,279,13,0.96,0.04,4.37,39.71,13.87,25.84,0.1,0.88,0.31,0.57
1,colgen,set3_t1_corr/I250_C5_7,250,5,1,7188.98,12.7,7188.98,0.0,OPTIMAL,1728,175,164,11,0.94,0.06,1.6,10.36,7.34,3.02,0.13,0.82,0.58,0.24
1,colgen,set3_t1_corr/I250_C5_8,250,5,1,4116.41,187.49,4116.41,0.0,OPTIMAL,2589,328,310,18,0.95,0.05,6.15,180.25,19.53,160.72,0.03,0.96,0.1,0.86
1,colgen,set3_t1_corr/I250_C5_9,250,5,1,4722.81,42.81,4722.81,0.0,OPTIMAL,2359,269,253,16,0.94,0.06,3.97,37.92,13.54,24.38,0.09,0.89,0.32,0.57
1,colgen,set3_t1_noncorr/I250_C5_1,250,5,1,4987.27,55.46,4987.27,0.0,OPTIMAL,2265,296,275,21,0.93,0.07,3.81,50.58,14.74,35.85,0.07,0.91,0.27,0.65
1,colgen,set3_t1_noncorr/I250_C5_10,250,5,1,4700.44,64.81,4700.44,0.0,OPTIMAL,2546,291,273,18,0.94,0.06,4.57,58.98,15.39,43.6,0.07,0.91,0.24,0.67
1,colgen,set3_t1_noncorr/I250_C5_2,250,5,1,4575.45,101.36,4575.45,0.0,OPTIMAL,2646,305,290,15,0.95,0.05,5.54,94.83,17.3,77.53,0.05,0.94,0.17,0.76
1,colgen,set3_t1_noncorr/I250_C5_3,250,5,1,4478.7,164.6,4478.7,0.0,OPTIMAL,2734,336,315,21,0.94,0.06,6.1,157.45,18.22,139.22,0.04,0.96,0.11,0.85
1,colgen,set3_t1_noncorr/I250_C5_4,250,5,1,4119.15,393.42,4119.15,0.0,OPTIMAL,2979,370,352,18,0.95,0.05,7.86,384.21,22.52,361.69,0.02,0.98,0.06,0.92
1,colgen,set3_t1_noncorr/I250_C5_5,250,5,1,4421.87,155.95,4421.87,0.0,OPTIMAL,2741,333,315,18,0.95,0.05,5.96,148.92,18.71,130.22,0.04,0.95,0.12,0.84
1,colgen,set3_t1_noncorr/I250_C5_6,250,5,1,4771.99,50.07,4771.99,0.0,OPTIMAL,2394,296,281,15,0.95,0.05,4.21,44.92,14.21,30.71,0.08,0.9,0.28,0.61
1,colgen,set3_t1_noncorr/I250_C5_7,250,5,1,4082.89,192.4,4082.89,0.0,OPTIMAL,2750,346,328,18,0.95,0.05,6.89,184.45,21.41,163.04,0.04,0.96,0.11,0.85
1,colgen,set3_t1_noncorr/I250_C5_8,250,5,1,4666.63,35.54,4666.63,0.0,OPTIMAL,2123,235,221,14,0.94,0.06,3.59,31.13,12.54,18.59,0.1,0.88,0.35,0.52
1,colgen,set3_t1_noncorr/I250_C5_9,250,5,1,4659.36,110.09,4659.36,0.0,OPTIMAL,2561,303,285,18,0.94,0.06,4.92,104.15,15.96,88.19,0.04,0.95,0.14,0.8
1,colgen,set3_t1_corr/I500_C3_1,500,3,1,5905.08,131605.26,5577.75,0.06,TIMELIMIT,6245,555,551,4,0.99,0.01,106.63,131495.34,73.65,131421.69,0.0,1.0,0.0,1.0
1,colgen,set3_t1_corr/I500_C3_10,500,3,1,10675.8,95.19,10675.8,0.0,OPTIMAL,3498,389,369,20,0.95,0.05,15.24,78.22,29.21,49.01,0.16,0.82,0.31,0.51
1,colgen,set3_t1_corr/I500_C3_2,500,3,1,8473.45,295.52,8473.45,0.0,OPTIMAL,4613,570,551,19,0.97,0.03,36.47,256.51,48.56,207.95,0.12,0.87,0.16,0.7
1,colgen,set3_t1_corr/I500_C3_3,500,3,1,8667.18,328.73,8667.18,0.0,OPTIMAL,4382,556,534,22,0.96,0.04,33.91,292.43,47.03,245.4,0.1,0.89,0.14,0.75
1,colgen,set3_t1_corr/I500_C3_4,500,3,1,7204.05,1387.38,7204.05,0.0,OPTIMAL,5076,613,589,24,0.96,0.04,58.55,1326.23,62.22,1264.01,0.04,0.96,0.04,0.91
1,colgen,set3_t1_corr/I500_C3_5,500,3,1,6304.98,38467.51,6304.98,0.0,OPTIMAL,6106,705,676,29,0.96,0.04,98.13,38365.9,112.67,38253.23,0.0,1.0,0.0,0.99
1,colgen,set3_t1_corr/I500_C3_6,500,3,1,10930.35,84.28,10930.35,0.0,OPTIMAL,3617,382,366,16,0.96,0.04,16.78,65.8,27.87,37.94,0.2,0.78,0.33,0.45
1,colgen,set3_t1_corr/I500_C3_7,500,3,1,8856.04,261.83,8856.04,0.0,OPTIMAL,4479,541,520,21,0.96,0.04,32.9,226.6,43.63,182.97,0.13,0.87,0.17,0.7
1,colgen,set3_t1_corr/I500_C3_8,500,3,1,9134.71,249.13,9134.71,0.0,OPTIMAL,4552,545,519,26,0.95,0.05,31.12,215.63,44.72,170.91,0.12,0.87,0.18,0.69
1,colgen,set3_t1_corr/I500_C3_9,500,3,1,7700.37,6626.29,7700.37,0.0,OPTIMAL,6025,746,717,29,0.96,0.04,66.98,6556.22,82.66,6473.56,0.01,0.99,0.01,0.98
1,colgen,set3_t1_noncorr/I500_C3_1,500,3,1,7436.71,3546.08,7436.71,0.0,OPTIMAL,5373,642,619,23,0.96,0.04,61.31,3482.06,61.38,3420.69,0.02,0.98,0.02,0.96
1,colgen,set3_t1_noncorr/I500_C3_10,500,3,1,7410.52,4757.38,7410.52,0.0,OPTIMAL,5393,636,606,30,0.95,0.05,63.17,4691.29,67.86,4623.44,0.01,0.99,0.01,0.97
1,colgen,set3_t1_noncorr/I500_C3_2,500,3,1,7162.74,24962.24,7162.74,0.0,OPTIMAL,6220,768,738,30,0.96,0.04,83.6,24875.24,99.86,24775.38,0.0,1.0,0.0,0.99
1,colgen,set3_t1_noncorr/I500_C3_3,500,3,1,7216.61,23738.42,7216.61,0.0,OPTIMAL,6114,730,700,30,0.96,0.04,83.5,23651.67,99.77,23551.9,0.0,1.0,0.0,0.99
1,colgen,set3_t1_noncorr/I500_C3_4,500,3,1,7241.08,28982.98,7241.08,0.0,OPTIMAL,6183,786,754,32,0.96,0.04,86.18,28893.64,110.58,28783.06,0.0,1.0,0.0,0.99
1,colgen,set3_t1_noncorr/I500_C3_5,500,3,1,7019.58,26367.15,7019.58,0.0,OPTIMAL,6219,728,702,26,0.96,0.04,85.58,26278.37,105.41,26172.96,0.0,1.0,0.0,0.99
1,colgen,set3_t1_noncorr/I500_C3_6,500,3,1,7266.25,4176.54,7266.25,0.0,OPTIMAL,5519,692,666,26,0.96,0.04,67.49,4106.17,72.12,4034.05,0.02,0.98,0.02,0.97
1,colgen,set3_t1_noncorr/I500_C3_7,500,3,1,7108.2,3250.34,7108.2,0.0,OPTIMAL,5141,604,575,29,0.95,0.05,63.18,3184.36,78.76,3105.6,0.02,0.98,0.02,0.96
1,colgen,set3_t1_noncorr/I500_C3_8,500,3,1,6278.23,95003.03,6199.83,0.01,TIMELIMIT,6547,707,692,15,0.98,0.02,109.87,94889.41,125.05,94764.36,0.0,1.0,0.0,1.0
1,colgen,set3_t1_noncorr/I500_C3_9,500,3,1,7582.35,3336.07,7582.35,0.0,OPTIMAL,5496,644,620,24,0.96,0.04,62.68,3270.4,65.73,3204.66,0.02,0.98,0.02,0.96
1,colgen,set3_t1_corr/I500_C4_1,500,4,1,7442.4,35937.42,7442.4,0.0,OPTIMAL,6467,759,731,28,0.96,0.04,86.61,35847.36,98.7,35748.65,0.0,1.0,0.0,0.99
1,colgen,set3_t1_corr/I500_C4_10,500,4,1,15395.79,36.34,15395.79,0.0,OPTIMAL,2817,209,202,7,0.97,0.03,6.83,28.3,17.08,11.22,0.19,0.78,0.47,0.31
1,colgen,set3_t1_corr/I500_C4_2,500,4,1,11972.75,100.89,11972.75,0.0,OPTIMAL,3830,417,396,21,0.95,0.05,16.5,82.62,32.02,50.6,0.16,0.82,0.32,0.5
1,colgen,set3_t1_corr/I500_C4_3,500,4,1,9753.54,385.09,9753.54,0.0,OPTIMAL,4722,614,587,27,0.96,0.04,33.85,348.79,48.77,300.03,0.09,0.91,0.13,0.78
1,colgen,set3_t1_corr/I500_C4_4,500,4,1,8405.48,1358.37,8405.48,0.0,OPTIMAL,5324,646,617,29,0.96,0.04,53.63,1301.74,59.51,1242.24,0.04,0.96,0.04,0.91
1,colgen,set3_t1_corr/I500_C4_5,500,4,1,9162.25,523.06,9162.25,0.0,OPTIMAL,4959,630,602,28,0.96,0.04,40.52,479.91,53.81,426.1,0.08,0.92,0.1,0.81
1,colgen,set3_t1_corr/I500_C4_6,500,4,1,11410.11,108.08,11410.11,0.0,OPTIMAL,3944,429,408,21,0.95,0.05,18.43,87.62,32.55,55.08,0.17,0.81,0.3,0.51
1,colgen,set3_t1_corr/I500_C4_7,500,4,1,11473.62,108.94,11473.62,0.0,OPTIMAL,3853,455,434,21,0.95,0.05,17.99,89.1,33.95,55.15,0.17,0.82,0.31,0.51
1,colgen,set3_t1_corr/I500_C4_8,500,4,1,9867.82,249.98,9867.82,0.0,OPTIMAL,4759,551,527,24,0.96,0.04,32.49,215.12,47.92,167.2,0.13,0.86,0.19,0.67
1,colgen,set3_t1_corr/I500_C4_9,500,4,1,8565.93,7639.63,8565.93,0.0,OPTIMAL,6166,798,758,40,0.95,0.05,63.1,7573.23,87.86,7485.37,0.01,0.99,0.01,0.98
1,colgen,set3_t1_noncorr/I500_C4_1,500,4,1,8673.07,4448.65,8673.07,0.0,OPTIMAL,5787,764,729,35,0.95,0.05,58.08,4387.38,71.04,4316.34,0.01,0.99,0.02,0.97
1,colgen,set3_t1_noncorr/I500_C4_10,500,4,1,8546.18,3869.55,8546.18,0.0,OPTIMAL,5878,708,681,27,0.96,0.04,59.96,3806.14,67.15,3738.99,0.02,0.98,0.02,0.97
1,colgen,set3_t1_noncorr/I500_C4_2,500,4,1,8794.65,9546.73,8794.65,0.0,OPTIMAL,5839,734,703,31,0.96,0.04,63.48,9480.17,71.58,9408.59,0.01,0.99,0.01,0.99
1,colgen,set3_t1_noncorr/I500_C4_3,500,4,1,8591.3,10347.56,8591.3,0.0,OPTIMAL,6195,766,734,32,0.96,0.04,64.06,10280.16,79.56,10200.6,0.01,0.99,0.01,0.99
1,colgen,set3_t1_noncorr/I500_C4_4,500,4,1,8211.24,22782.04,8211.24,0.0,OPTIMAL,6296,789,760,29,0.96,0.04,73.3,22705.36,97.89,22607.47,0.0,1.0,0.0,0.99
1,colgen,set3_t1_noncorr/I500_C4_5,500,4,1,9487.48,2156.67,9487.48,0.0,OPTIMAL,5484,663,612,51,0.92,0.08,44.97,2108.52,53.15,2055.38,0.02,0.98,0.02,0.95
1,colgen,set3_t1_noncorr/I500_C4_6,500,4,1,9121.38,1925.37,9121.38,0.0,OPTIMAL,5528,695,663,32,0.95,0.05,47.49,1874.8,57.76,1817.04,0.02,0.97,0.03,0.94
1,colgen,set3_t1_noncorr/I500_C4_7,500,4,1,10144.52,373.19,10144.52,0.0,OPTIMAL,4595,510,484,26,0.95,0.05,30.33,340.55,43.58,296.97,0.08,0.91,0.12,0.8
1,colgen,set3_t1_noncorr/I500_C4_8,500,4,1,7848.07,31778.2,7848.07,0.0,OPTIMAL,6479,800,767,33,0.96,0.04,81.68,31693.1,92.92,31600.17,0.0,1.0,0.0,0.99
1,colgen,set3_t1_noncorr/I500_C4_9,500,4,1,10348.25,312.22,10348.25,0.0,OPTIMAL,4799,582,552,30,0.95,0.05,31.27,278.28,46.53,231.75,0.1,0.89,0.15,0.74
1,colgen,set3_t1_corr/I500_C5_1,500,5,1,8860.54,8247.51,8860.54,0.0,OPTIMAL,6389,888,856,32,0.96,0.04,68.31,8175.71,84.23,8091.48,0.01,0.99,0.01,0.98
1,colgen,set3_t1_corr/I500_C5_10,500,5,1,18615.33,71.19,18615.33,0.0,OPTIMAL,3139,272,243,29,0.89,0.11,3.9,65.82,21.72,44.11,0.05,0.92,0.31,0.62
1,colgen,set3_t1_corr/I500_C5_2,500,5,1,15666.67,33.36,15666.67,0.0,OPTIMAL,2835,200,195,5,0.97,0.03,6.54,25.47,17.16,8.31,0.2,0.76,0.51,0.25
1,colgen,set3_t1_corr/I500_C5_3,500,5,1,11445.15,85.1,11445.15,0.0,OPTIMAL,4032,426,421,5,0.99,0.01,24.84,58.44,30.73,27.71,0.29,0.69,0.36,0.33
1,colgen,set3_t1_corr/I500_C5_4,500,5,1,9343.33,340.87,9343.33,0.0,OPTIMAL,5085,563,556,7,0.99,0.01,43.2,295.12,44.45,250.67,0.13,0.87,0.13,0.74
1,colgen,set3_t1_corr/I500_C5_5,500,5,1,11893.0,55.33,11893.0,0.0,OPTIMAL,3695,381,377,4,0.99,0.01,16.58,37.16,27.71,9.45,0.3,0.67,0.5,0.17
1,colgen,set3_t1_corr/I500_C5_6,500,5,1,15666.67,26.8,15666.67,0.0,OPTIMAL,2849,192,190,2,0.99,0.01,6.01,19.58,16.24,3.34,0.22,0.73,0.61,0.12
1,colgen,set3_t1_corr/I500_C5_7,500,5,1,12087.16,51.16,12087.16,0.0,OPTIMAL,3592,356,353,3,0.99,0.01,15.24,34.19,26.63,7.56,0.3,0.67,0.52,0.15
1,colgen,set3_t1_corr/I500_C5_8,500,5,1,12865.2,94.21,12865.2,0.0,OPTIMAL,3851,409,387,22,0.95,0.05,14.27,78.0,29.43,48.57,0.15,0.83,0.31,0.52
1,colgen,set3_t1_corr/I500_C5_9,500,5,1,9470.0,577.8,9470.0,0.0,OPTIMAL,5109,473,470,3,0.99,0.01,39.43,535.68,39.14,496.54,0.07,0.93,0.07,0.86
1,colgen,set3_t1_noncorr/I500_C5_1,500,5,1,9560.0,369.36,9560.0,0.0,OPTIMAL,4537,346,343,3,0.99,0.01,33.54,333.52,32.62,300.9,0.09,0.9,0.09,0.81
1,colgen,set3_t1_noncorr/I500_C5_10,500,5,1,9540.0,737.67,9540.0,0.0,OPTIMAL,4826,397,391,6,0.98,0.02,37.1,698.02,36.43,661.59,0.05,0.95,0.05,0.9
1,colgen,set3_t1_noncorr/I500_C5_2,500,5,1,10004.11,7497.79,10004.11,0.0,OPTIMAL,6051,748,716,32,0.96,0.04,54.6,7439.8,85.5,7354.29,0.01,0.99,0.01,0.98
1,colgen,set3_t1_noncorr/I500_C5_3,500,5,1,9590.0,1807.46,9590.0,0.0,OPTIMAL,5010,422,416,6,0.99,0.01,41.98,1762.92,43.59,1719.33,0.02,0.98,0.02,0.95
1,colgen,set3_t1_noncorr/I500_C5_4,500,5,1,9475.0,2123.78,9475.0,0.0,OPTIMAL,5507,543,536,7,0.99,0.01,46.65,2074.41,50.77,2023.64,0.02,0.98,0.02,0.95
1,colgen,set3_t1_noncorr/I500_C5_5,500,5,1,11058.38,657.61,11058.38,0.0,OPTIMAL,4913,526,510,16,0.97,0.03,33.0,622.17,40.57,581.61,0.05,0.95,0.06,0.88
1,colgen,set3_t1_noncorr/I500_C5_6,500,5,1,9820.0,182.47,9820.0,0.0,OPTIMAL,4764,413,411,2,1.0,0.0,35.71,144.32,36.6,107.72,0.2,0.79,0.2,0.59
1,colgen,set3_t1_noncorr/I500_C5_7,500,5,1,10868.35,258.18,10868.35,0.0,OPTIMAL,4994,663,647,16,0.98,0.02,32.87,222.79,49.03,173.77,0.13,0.86,0.19,0.67
1,colgen,set3_t1_noncorr/I500_C5_8,500,5,1,9450.0,2074.65,9450.0,0.0,OPTIMAL,5188,455,448,7,0.98,0.02,42.07,2030.05,44.51,1985.53,0.02,0.98,0.02,0.96
1,colgen,set3_t1_noncorr/I500_C5_9,500,5,1,12494.68,130.88,12494.68,0.0,OPTIMAL,4170,475,451,24,0.95,0.05,19.3,109.55,40.02,69.53,0.15,0.84,0.31,0.53
1,colgen,set3_t1_corr/I1000_C3_1,1000,3,1,26277.32,561.49,26277.32,0.0,OPTIMAL,7325,775,752,23,0.97,0.03,97.31,458.42,97.74,360.67,0.17,0.82,0.17,0.64
1,colgen,set3_t1_corr/I1000_C3_10,1000,3,1,27866.65,353.03,27866.65,0.0,OPTIMAL,6622,565,549,16,0.97,0.03,74.3,273.51,74.08,199.43,0.21,0.77,0.21,0.56
1,colgen,set3_t1_corr/I1000_C3_2,1000,3,1,15966.48,90299.76,15766.09,0.01,TIMELIMIT,12593,1579,1544,35,0.98,0.02,642.41,89646.04,413.54,89232.49,0.01,0.99,0.0,0.99
1,colgen,set3_t1_corr/I1000_C3_3,1000,3,1,15492.44,90768.7,15457.3,0.0,TIMELIMIT,12486,1573,1537,36,0.98,0.02,673.45,90083.97,435.46,89648.51,0.01,0.99,0.0,0.99
1,colgen,set3_t1_corr/I1000_C3_4,1000,3,1,18428.43,2984.38,18428.43,0.0,OPTIMAL,9122,1141,1100,41,0.96,0.04,261.31,2714.7,215.3,2499.4,0.09,0.91,0.07,0.84
1,colgen,set3_t1_corr/I1000_C3_5,1000,3,1,20754.09,2472.43,20754.09,0.0,OPTIMAL,9589,1256,1194,62,0.95,0.05,242.9,2220.64,230.9,1989.74,0.1,0.9,0.09,0.8
1,colgen,set3_t1_corr/I1000_C3_6,1000,3,1,12950.25,158401.41,0.0,1.0,TIMELIMIT,12771,1106,1104,2,1.0,0.0,931.29,157458.72,234.81,157223.91,0.01,0.99,0.0,0.99
1,colgen,set3_t1_corr/I1000_C3_7,1000,3,1,21101.84,1056.42,21101.84,0.0,OPTIMAL,8978,1115,1086,29,0.97,0.03,214.76,834.35,197.41,636.94,0.2,0.79,0.19,0.6
1,colgen,set3_t1_corr/I1000_C3_8,1000,3,1,18052.33,13878.61,18052.33,0.0,OPTIMAL,10863,1440,1396,44,0.97,0.03,399.46,13469.31,358.75,13110.57,0.03,0.97,0.03,0.94
1,colgen,set3_t1_corr/I1000_C3_9,1000,3,1,19558.08,1888.67,19558.08,0.0,OPTIMAL,9063,1080,1048,32,0.97,0.03,235.02,1645.27,222.36,1422.91,0.12,0.87,0.12,0.75
1,colgen,set3_t1_noncorr/I1000_C3_1,1000,3,1,17238.02,18616.31,17238.02,0.0,OPTIMAL,11295,1432,1392,40,0.97,0.03,460.69,18144.66,388.1,17756.55,0.02,0.97,0.02,0.95
1,colgen,set3_t1_noncorr/I1000_C3_10,1000,3,1,19302.02,2310.85,19302.02,0.0,OPTIMAL,9389,1130,1094,36,0.97,0.03,263.38,2038.84,237.94,1800.9,0.11,0.88,0.1,0.78
1,colgen,set3_t1_noncorr/I1000_C3_2,1000,3,1,20688.45,2113.53,20688.45,0.0,OPTIMAL,9158,1249,1199,50,0.96,0.04,236.54,1868.25,268.46,1599.79,0.11,0.88,0.13,0.76
1,colgen,set3_t1_noncorr/I1000_C3_3,1000,3,1,16620.31,28717.48,16620.31,0.0,OPTIMAL,10854,1377,1338,39,0.97,0.03,479.98,28227.7,319.34,27908.36,0.02,0.98,0.01,0.97
1,colgen,set3_t1_noncorr/I1000_C3_4,1000,3,1,16762.15,31740.28,16762.15,0.0,OPTIMAL,11076,1325,1284,41,0.97,0.03,479.24,31250.51,329.45,30921.06,0.02,0.98,0.01,0.97
1,colgen,set3_t1_noncorr/I1000_C3_5,1000,3,1,16495.64,31469.94,16495.64,0.0,OPTIMAL,11059,1321,1286,35,0.97,0.03,515.2,30943.83,343.0,30600.83,0.02,0.98,0.01,0.97
1,colgen,set3_t1_noncorr/I1000_C3_6,1000,3,1,13399.71,158402.04,0.0,1.0,TIMELIMIT,12539,1125,1123,2,1.0,0.0,880.52,157510.44,236.02,157274.42,0.01,0.99,0.0,0.99
1,colgen,set3_t1_noncorr/I1000_C3_7,1000,3,1,15566.02,98534.85,14801.54,0.05,TIMELIMIT,12338,1378,1367,11,0.99,0.01,693.92,97830.35,246.81,97583.53,0.01,0.99,0.0,0.99
1,colgen,set3_t1_noncorr/I1000_C3_8,1000,3,1,13917.53,158401.33,12843.37,0.08,TIMELIMIT,12339,1165,1163,2,1.0,0.0,789.35,157601.52,232.16,157369.36,0.0,0.99,0.0,0.99
1,colgen,set3_t1_noncorr/I1000_C3_9,1000,3,1,14516.82,158401.18,13302.54,0.08,TIMELIMIT,12518,1171,1168,3,1.0,0.0,764.06,157626.08,223.59,157402.49,0.0,1.0,0.0,0.99
1,colgen,set3_t1_corr/I1000_C4_1,1000,4,1,33033.33,121.19,33033.33,0.0,OPTIMAL,5413,346,344,2,0.99,0.01,38.3,78.91,50.88,28.03,0.32,0.65,0.42,0.23
1,colgen,set3_t1_corr/I1000_C4_10,1000,4,1,34585.32,986.41,34585.32,0.0,OPTIMAL,6433,587,530,57,0.9,0.1,41.86,938.85,98.07,840.78,0.04,0.95,0.1,0.85
1,colgen,set3_t1_corr/I1000_C4_2,1000,4,1,18587.0,19020.03,18587.0,0.0,OPTIMAL,10595,1102,1093,9,0.99,0.01,373.65,18636.73,165.2,18471.53,0.02,0.98,0.01,0.97
1,colgen,set3_t1_corr/I1000_C4_3,1000,4,1,22827.92,569.89,22827.92,0.0,OPTIMAL,7919,924,912,12,0.99,0.01,171.03,392.72,115.09,277.64,0.3,0.69,0.2,0.49
1,colgen,set3_t1_corr/I1000_C4_4,1000,4,1,27515.87,626.47,27515.87,0.0,OPTIMAL,7212,694,664,30,0.96,0.04,93.68,526.97,98.41,428.56,0.15,0.84,0.16,0.68
1,colgen,set3_t1_corr/I1000_C4_5,1000,4,1,22164.38,854.98,22164.38,0.0,OPTIMAL,8557,976,958,18,0.98,0.02,200.96,647.45,125.94,521.51,0.24,0.76,0.15,0.61
1,colgen,set3_t1_corr/I1000_C4_6,1000,4,1,17749.08,91952.03,17652.84,0.01,TIMELIMIT,12693,1710,1678,32,0.98,0.02,519.88,91419.91,291.62,91128.29,0.01,0.99,0.0,0.99
1,colgen,set3_t1_corr/I1000_C4_7,1000,4,1,29217.74,322.33,29217.74,0.0,OPTIMAL,6130,444,429,15,0.97,0.03,62.6,254.94,68.57,186.37,0.19,0.79,0.21,0.58
1,colgen,set3_t1_corr/I1000_C4_8,1000,4,1,24550.0,301.88,24550.0,0.0,OPTIMAL,7168,519,515,4,0.99,0.01,116.04,180.1,77.75,102.35,0.38,0.6,0.26,0.34
1,colgen,set3_t1_corr/I1000_C4_9,1000,4,1,21204.19,1926.89,21204.19,0.0,OPTIMAL,9603,1254,1219,35,0.97,0.03,240.29,1678.62,195.6,1483.03,0.12,0.87,0.1,0.77
1,colgen,set3_t1_noncorr/I1000_C4_1,1000,4,1,19646.67,2408.07,19646.67,0.0,OPTIMAL,9401,720,715,5,0.99,0.01,273.36,2126.16,114.71,2011.45,0.11,0.88,0.05,0.84
1,colgen,set3_t1_noncorr/I1000_C4_10,1000,4,1,25489.54,1006.94,25489.54,0.0,OPTIMAL,7953,895,850,45,0.95,0.05,109.35,890.71,139.56,751.15,0.11,0.88,0.14,0.75
1,colgen,set3_t1_noncorr/I1000_C4_2,1000,4,1,22647.92,517.34,22647.92,0.0,OPTIMAL,7769,755,746,9,0.99,0.01,175.7,335.12,101.46,233.66,0.34,0.65,0.2,0.45
1,colgen,set3_t1_noncorr/I1000_C4_3,1000,4,1,19470.0,6108.75,19470.0,0.0,OPTIMAL,9226,699,690,9,0.99,0.01,275.85,5824.99,110.48,5714.51,0.05,0.95,0.02,0.94
1,colgen,set3_t1_noncorr/I1000_C4_4,1000,4,1,23917.78,411.51,23917.78,0.0,OPTIMAL,6944,505,499,6,0.99,0.01,127.8,278.36,74.6,203.76,0.31,0.68,0.18,0.5
1,colgen,set3_t1_noncorr/I1000_C4_5,1000,4,1,19970.19,21810.22,19970.19,0.0,OPTIMAL,10900,1368,1320,48,0.96,0.04,332.52,21468.15,293.81,21174.34,0.02,0.98,0.01,0.97
1,colgen,set3_t1_noncorr/I1000_C4_6,1000,4,1,16315.67,158401.01,14524.45,0.11,TIMELIMIT,12641,1265,1262,3,1.0,0.0,678.18,157712.12,229.32,157482.81,0.0,1.0,0.0,0.99
1,colgen,set3_t1_noncorr/I1000_C4_7,1000,4,1,17916.51,98555.31,17013.26,0.05,TIMELIMIT,12381,1595,1583,12,0.99,0.01,534.12,98010.69,284.29,97726.4,0.01,0.99,0.0,0.99
1,colgen,set3_t1_noncorr/I1000_C4_8,1000,4,1,16151.02,158401.18,14644.32,0.09,TIMELIMIT,12666,1296,1293,3,1.0,0.0,700.6,157689.85,236.57,157453.28,0.0,1.0,0.0,0.99
1,colgen,set3_t1_noncorr/I1000_C4_9,1000,4,1,18533.51,17778.16,18533.51,0.0,OPTIMAL,11255,1388,1373,15,0.99,0.01,415.05,17352.97,223.49,17129.48,0.02,0.98,0.01,0.96
1,colgen,set3_t1_corr/I1000_C5_1,1000,5,1,43900.0,469.14,43900.0,0.0,OPTIMAL,4727,295,257,38,0.87,0.13,2.63,463.26,55.49,407.76,0.01,0.99,0.12,0.87
1,colgen,set3_t1_corr/I1000_C5_10,1000,5,1,34639.37,1107.97,34639.37,0.0,OPTIMAL,6946,643,580,63,0.9,0.1,48.87,1053.09,154.51,898.58,0.04,0.95,0.14,0.81
1,colgen,set3_t1_corr/I1000_C5_2,1000,5,1,19800.0,4950.37,19800.0,0.0,OPTIMAL,9564,600,598,2,1.0,0.0,238.77,4703.18,107.48,4595.7,0.05,0.95,0.02,0.93
1,colgen,set3_t1_corr/I1000_C5_3,1000,5,1,24362.5,336.78,24362.5,0.0,OPTIMAL,5705,371,364,7,0.98,0.02,90.35,241.98,57.53,184.45,0.27,0.72,0.17,0.55
1,colgen,set3_t1_corr/I1000_C5_4,1000,5,1,33437.03,1398.76,33437.03,0.0,OPTIMAL,6995,639,558,81,0.87,0.13,52.57,1339.66,142.81,1196.85,0.04,0.96,0.1,0.86
1,colgen,set3_t1_corr/I1000_C5_5,1000,5,1,24225.0,457.56,24225.0,0.0,OPTIMAL,5561,363,354,9,0.98,0.02,93.84,359.57,60.11,299.46,0.21,0.79,0.13,0.65
1,colgen,set3_t1_corr/I1000_C5_6,1000,5,1,19800.0,10752.25,19800.0,0.0,OPTIMAL,8992,532,528,4,0.99,0.01,232.19,10511.82,97.78,10414.04,0.02,0.98,0.01,0.97
1,colgen,set3_t1_corr/I1000_C5_7,1000,5,1,29520.93,328.83,29520.93,0.0,OPTIMAL,6143,477,461,16,0.97,0.03,63.14,261.24,71.11,190.13,0.19,0.79,0.22,0.58
1,colgen,set3_t1_corr/I1000_C5_8,1000,5,1,26451.98,1835.39,26451.98,0.0,OPTIMAL,9574,1063,1006,57,0.95,0.05,167.77,1659.1,154.32,1504.78,0.09,0.9,0.08,0.82
1,colgen,set3_t1_corr/I1000_C5_9,1000,5,1,27874.03,554.1,27874.03,0.0,OPTIMAL,7504,709,683,26,0.96,0.04,94.37,454.05,98.56,355.49,0.17,0.82,0.18,0.64
1,colgen,set3_t1_noncorr/I1000_C5_1,1000,5,1,23166.67,3301.82,23166.67,0.0,OPTIMAL,7647,595,579,16,0.97,0.03,171.44,3123.99,99.58,3024.41,0.05,0.95,0.03,0.92
1,colgen,set3_t1_noncorr/I1000_C5_10,1000,5,1,32685.97,183.07,32685.97,0.0,OPTIMAL,6186,403,398,5,0.99,0.01,47.08,130.89,62.18,68.7,0.26,0.71,0.34,0.38
1,colgen,set3_t1_noncorr/I1000_C5_2,1000,5,1,24150.0,420.2,24150.0,0.0,OPTIMAL,5496,372,363,9,0.98,0.02,92.15,323.59,58.37,265.22,0.22,0.77,0.14,0.63
1,colgen,set3_t1_noncorr/I1000_C5_3,1000,5,1,22667.36,7980.44,22667.36,0.0,OPTIMAL,8713,877,850,27,0.97,0.03,244.88,7728.78,125.99,7602.79,0.03,0.97,0.02,0.95
1,colgen,set3_t1_noncorr/I1000_C5_4,1000,5,1,28800.0,498.67,28800.0,0.0,OPTIMAL,7056,559,536,23,0.96,0.04,85.58,407.28,80.89,326.39,0.17,0.82,0.16,0.65
1,colgen,set3_t1_noncorr/I1000_C5_5,1000,5,1,24523.94,930.22,24523.94,0.0,OPTIMAL,6305,364,362,2,0.99,0.01,96.0,829.05,61.69,767.36,0.1,0.89,0.07,0.82
1,colgen,set3_t1_noncorr/I1000_C5_6,1000,5,1,18260.86,158401.1,15583.57,0.15,TIMELIMIT,11592,1288,1285,3,1.0,0.0,494.91,157896.89,228.54,157668.35,0.0,1.0,0.0,1.0
1,colgen,set3_t1_noncorr/I1000_C5_7,1000,5,1,19650.0,24115.7,19650.0,0.0,OPTIMAL,9782,631,628,3,1.0,0.0,292.78,23814.83,123.39,23691.43,0.01,0.99,0.01,0.98
1,colgen,set3_t1_noncorr/I1000_C5_8,1000,5,1,20314.57,31999.29,20314.57,0.0,OPTIMAL,12804,1631,1561,70,0.96,0.04,376.34,31610.76,296.91,31313.85,0.01,0.99,0.01,0.98
1,colgen,set3_t1_noncorr/I1000_C5_9,1000,5,1,24190.41,627.45,24190.41,0.0,OPTIMAL,6076,384,375,9,0.98,0.02,104.3,518.03,63.7,454.33,0.17,0.83,0.1,0.72
1,colgen,set3_t2_corr/I250_C3_1,250,3,2,4596.44,15.42,4596.44,0.0,OPTIMAL,1714,174,165,9,0.95,0.05,2.27,12.44,8.08,4.36,0.15,0.81,0.52,0.28
1,colgen,set3_t2_corr/I250_C3_10,250,3,2,3909.89,41.66,3909.89,0.0,OPTIMAL,2157,210,197,13,0.94,0.06,4.08,36.68,12.34,24.34,0.1,0.88,0.3,0.58
1,colgen,set3_t2_corr/I250_C3_2,250,3,2,2862.38,385.76,2862.38,0.0,OPTIMAL,3159,474,436,38,0.92,0.08,22.4,361.68,76.15,285.53,0.06,0.94,0.2,0.74
1,colgen,set3_t2_corr/I250_C3_3,250,3,2,4342.8,35.36,4342.8,0.0,OPTIMAL,2084,213,200,13,0.94,0.06,3.57,30.8,11.13,19.68,0.1,0.87,0.31,0.56
1,colgen,set3_t2_corr/I250_C3_4,250,3,2,3610.57,181.67,3610.57,0.0,OPTIMAL,2461,251,234,17,0.93,0.07,7.03,173.54,19.9,153.64,0.04,0.96,0.11,0.85
1,colgen,set3_t2_corr/I250_C3_5,250,3,2,4023.26,39.72,4023.26,0.0,OPTIMAL,2080,195,180,15,0.92,0.08,3.89,34.87,12.72,22.15,0.1,0.88,0.32,0.56
1,colgen,set3_t2_corr/I250_C3_6,250,3,2,3764.73,56.76,3764.73,0.0,OPTIMAL,2215,218,202,16,0.93,0.07,4.87,50.99,14.25,36.73,0.09,0.9,0.25,0.65
1,colgen,set3_t2_corr/I250_C3_7,250,3,2,3380.95,453.89,3380.95,0.0,OPTIMAL,2880,287,270,17,0.94,0.06,9.65,442.85,23.32,419.53,0.02,0.98,0.05,0.92
1,colgen,set3_t2_corr/I250_C3_8,250,3,2,3147.33,104.18,3147.33,0.0,OPTIMAL,2444,289,266,23,0.92,0.08,8.18,94.75,24.0,70.74,0.08,0.91,0.23,0.68
1,colgen,set3_t2_corr/I250_C3_9,250,3,2,3805.71,56.33,3805.71,0.0,OPTIMAL,2156,237,222,15,0.94,0.06,5.16,50.28,14.8,35.48,0.09,0.89,0.26,0.63
1,colgen,set3_t2_noncorr/I250_C3_1,250,3,2,3231.92,1499.03,3231.92,0.0,OPTIMAL,2923,303,278,25,0.92,0.08,11.35,1486.45,34.17,1452.27,0.01,0.99,0.02,0.97
1,colgen,set3_t2_noncorr/I250_C3_10,250,3,2,3144.01,404.05,3144.01,0.0,OPTIMAL,2896,354,328,26,0.93,0.07,13.67,388.99,33.99,354.99,0.03,0.96,0.08,0.88
1,colgen,set3_t2_noncorr/I250_C3_2,250,3,2,3047.57,4769.84,3047.57,0.0,OPTIMAL,3529,427,400,27,0.94,0.06,20.63,4747.17,54.78,4692.39,0.0,1.0,0.01,0.98
1,colgen,set3_t2_noncorr/I250_C3_3,250,3,2,3161.82,1253.48,3161.82,0.0,OPTIMAL,3056,300,281,19,0.94,0.06,13.13,1238.78,31.21,1207.57,0.01,0.99,0.02,0.96
1,colgen,set3_t2_noncorr/I250_C3_4,250,3,2,3736.16,184.7,3736.16,0.0,OPTIMAL,2448,238,221,17,0.93,0.07,5.91,177.72,17.57,160.16,0.03,0.96,0.1,0.87
1,colgen,set3_t2_noncorr/I250_C3_5,250,3,2,3093.38,3576.66,3093.38,0.0,OPTIMAL,3417,389,367,22,0.94,0.06,17.43,3557.6,44.72,3512.88,0.0,0.99,0.01,0.98
1,colgen,set3_t2_noncorr/I250_C3_6,250,3,2,3098.41,3837.41,3098.41,0.0,OPTIMAL,3343,411,384,27,0.93,0.07,20.9,3814.95,57.62,3757.32,0.01,0.99,0.02,0.98
1,colgen,set3_t2_noncorr/I250_C3_7,250,3,2,3535.2,651.9,3535.2,0.0,OPTIMAL,2776,248,233,15,0.94,0.06,9.34,641.52,20.55,620.97,0.01,0.98,0.03,0.95
1,colgen,set3_t2_noncorr/I250_C3_8,250,3,2,3029.99,1516.42,3029.99,0.0,OPTIMAL,3472,406,380,26,0.94,0.06,18.59,1496.25,42.24,1454.01,0.01,0.99,0.03,0.96
1,colgen,set3_t2_noncorr/I250_C3_9,250,3,2,3245.86,1445.72,3245.86,0.0,OPTIMAL,3149,345,321,24,0.93,0.07,14.75,1429.62,47.13,1382.49,0.01,0.99,0.03,0.96
1,colgen,set3_t2_corr/I250_C4_1,250,4,2,6430.6,14.99,6430.6,0.0,OPTIMAL,1757,189,173,16,0.92,0.08,1.66,12.55,7.94,4.61,0.11,0.84,0.53,0.31
1,colgen,set3_t2_corr/I250_C4_10,250,4,2,5548.3,15.4,5548.3,0.0,OPTIMAL,1814,198,189,9,0.95,0.05,2.19,12.42,8.65,3.77,0.14,0.81,0.56,0.24
1,colgen,set3_t2_corr/I250_C4_2,250,4,2,3613.32,57.04,3613.32,0.0,OPTIMAL,2095,208,196,12,0.94,0.06,5.54,50.44,14.82,35.62,0.1,0.88,0.26,0.62
1,colgen,set3_t2_corr/I250_C4_3,250,4,2,5780.51,15.8,5780.51,0.0,OPTIMAL,1818,196,185,11,0.94,0.06,2.08,13.03,8.78,4.24,0.13,0.82,0.56,0.27
1,colgen,set3_t2_corr/I250_C4_4,250,4,2,4769.47,40.86,4769.47,0.0,OPTIMAL,2105,234,218,16,0.93,0.07,3.51,36.42,12.03,24.39,0.09,0.89,0.29,0.6
1,colgen,set3_t2_corr/I250_C4_5,250,4,2,5777.77,15.81,5777.77,0.0,OPTIMAL,1748,175,162,13,0.93,0.07,2.01,13.07,8.06,5.01,0.13,0.83,0.51,0.32
1,colgen,set3_t2_corr/I250_C4_6,250,4,2,4419.49,46.26,4419.49,0.0,OPTIMAL,2202,214,203,11,0.95,0.05,4.02,41.42,11.75,29.66,0.09,0.9,0.25,0.64
1,colgen,set3_t2_corr/I250_C4_7,250,4,2,3940.88,455.05,3940.88,0.0,OPTIMAL,2716,252,238,14,0.94,0.06,6.93,446.96,16.83,430.14,0.02,0.98,0.04,0.95
1,colgen,set3_t2_corr/I250_C4_8,250,4,2,3855.36,83.38,3855.36,0.0,OPTIMAL,2351,223,214,9,0.96,0.04,5.55,76.59,13.61,62.98,0.07,0.92,0.16,0.76
1,colgen,set3_t2_corr/I250_C4_9,250,4,2,4442.34,67.24,4442.34,0.0,OPTIMAL,2137,206,191,15,0.93,0.07,4.22,62.04,12.69,49.35,0.06,0.92,0.19,0.73
1,colgen,set3_t2_noncorr/I250_C4_1,250,4,2,3848.15,1401.63,3848.15,0.0,OPTIMAL,2850,257,240,17,0.93,0.07,9.06,1391.17,23.06,1368.11,0.01,0.99,0.02,0.98
1,colgen,set3_t2_noncorr/I250_C4_10,250,4,2,3998.89,78.71,3998.89,0.0,OPTIMAL,2266,223,211,12,0.95,0.05,5.22,72.58,14.32,58.26,0.07,0.92,0.18,0.74
1,colgen,set3_t2_noncorr/I250_C4_2,250,4,2,3686.96,3843.47,3686.96,0.0,OPTIMAL,2990,283,267,16,0.94,0.06,10.57,3831.32,26.82,3804.5,0.0,1.0,0.01,0.99
1,colgen,set3_t2_noncorr/I250_C4_3,250,4,2,3887.74,357.52,3887.74,0.0,OPTIMAL,2620,253,241,12,0.95,0.05,7.25,348.98,17.69,331.29,0.02,0.98,0.05,0.93
1,colgen,set3_t2_noncorr/I250_C4_4,250,4,2,4475.54,105.45,4475.54,0.0,OPTIMAL,2331,233,218,15,0.94,0.06,4.76,99.61,14.03,85.58,0.05,0.94,0.13,0.81
1,colgen,set3_t2_noncorr/I250_C4_5,250,4,2,3679.5,4178.81,3679.5,0.0,OPTIMAL,3054,303,287,16,0.95,0.05,10.48,4166.99,28.33,4138.66,0.0,1.0,0.01,0.99
1,colgen,set3_t2_noncorr/I250_C4_6,250,4,2,3882.59,1057.29,3882.59,0.0,OPTIMAL,2679,224,212,12,0.95,0.05,7.9,1048.31,18.84,1029.47,0.01,0.99,0.02,0.97
1,colgen,set3_t2_noncorr/I250_C4_7,250,4,2,4306.98,252.2,4306.98,0.0,OPTIMAL,2391,232,217,15,0.94,0.06,5.35,245.85,15.33,230.53,0.02,0.97,0.06,0.91
1,colgen,set3_t2_noncorr/I250_C4_8,250,4,2,3705.02,1199.18,3705.02,0.0,OPTIMAL,2820,270,257,13,0.95,0.05,9.18,1189.0,20.94,1168.06,0.01,0.99,0.02,0.97
1,colgen,set3_t2_noncorr/I250_C4_9,250,4,2,4064.39,492.38,4064.39,0.0,OPTIMAL,2442,225,210,15,0.93,0.07,6.57,484.81,17.99,466.82,0.01,0.98,0.04,0.95
1,colgen,set3_t2_corr/I250_C5_1,250,5,2,6454.32,15.12,6454.32,0.0,OPTIMAL,1792,192,178,14,0.93,0.07,1.83,12.51,8.35,4.16,0.12,0.83,0.55,0.28
1,colgen,set3_t2_corr/I250_C5_10,250,5,2,5784.42,21.08,5784.42,0.0,OPTIMAL,1980,235,218,17,0.93,0.07,2.62,17.57,10.55,7.02,0.12,0.83,0.5,0.33
1,colgen,set3_t2_corr/I250_C5_2,250,5,2,4068.99,77.11,4068.99,0.0,OPTIMAL,2193,211,198,13,0.94,0.06,4.93,71.24,14.93,56.31,0.06,0.92,0.19,0.73
1,colgen,set3_t2_corr/I250_C5_3,250,5,2,5936.75,18.37,5936.75,0.0,OPTIMAL,1948,216,201,15,0.93,0.07,2.39,15.11,9.4,5.7,0.13,0.82,0.51,0.31
1,colgen,set3_t2_corr/I250_C5_4,250,5,2,5407.83,31.51,5407.83,0.0,OPTIMAL,2138,256,243,13,0.95,0.05,3.2,27.35,12.15,15.2,0.1,0.87,0.39,0.48
1,colgen,set3_t2_corr/I250_C5_5,250,5,2,5901.22,18.15,5901.22,0.0,OPTIMAL,1828,218,204,14,0.94,0.06,2.41,14.97,9.64,5.33,0.13,0.82,0.53,0.29
1,colgen,set3_t2_corr/I250_C5_6,250,5,2,4835.41,64.72,4835.41,0.0,OPTIMAL,2233,248,232,16,0.94,0.06,4.03,59.79,12.89,46.91,0.06,0.92,0.2,0.72
1,colgen,set3_t2_corr/I250_C5_7,250,5,2,4998.18,40.36,4998.18,0.0,OPTIMAL,2131,232,214,18,0.92,0.08,3.5,36.02,12.55,23.47,0.09,0.89,0.31,0.58
1,colgen,set3_t2_corr/I250_C5_8,250,5,2,4716.26,30.64,4716.26,0.0,OPTIMAL,2069,220,210,10,0.95,0.05,3.8,26.07,12.0,14.07,0.12,0.85,0.39,0.46
1,colgen,set3_t2_corr/I250_C5_9,250,5,2,5331.2,22.13,5331.2,0.0,OPTIMAL,1993,227,213,14,0.94,0.06,2.78,18.51,10.0,8.5,0.13,0.84,0.45,0.38
1,colgen,set3_t2_noncorr/I250_C5_1,250,5,2,4347.97,685.03,4347.97,0.0,OPTIMAL,2751,283,265,18,0.94,0.06,7.22,676.65,23.99,652.66,0.01,0.99,0.04,0.95
1,colgen,set3_t2_noncorr/I250_C5_10,250,5,2,4377.78,93.78,4377.78,0.0,OPTIMAL,2314,225,212,13,0.94,0.06,5.05,87.59,15.11,72.48,0.05,0.93,0.16,0.77
1,colgen,set3_t2_noncorr/I250_C5_2,250,5,2,4165.05,1682.08,4165.05,0.0,OPTIMAL,2907,288,271,17,0.94,0.06,8.5,1672.05,24.39,1647.66,0.01,0.99,0.01,0.98
1,colgen,set3_t2_noncorr/I250_C5_3,250,5,2,4333.72,448.59,4333.72,0.0,OPTIMAL,2607,282,267,15,0.95,0.05,6.41,440.97,18.97,422.0,0.01,0.98,0.04,0.94
1,colgen,set3_t2_noncorr/I250_C5_4,250,5,2,5013.2,74.18,5013.2,0.0,OPTIMAL,2438,238,224,14,0.94,0.06,4.53,68.48,14.28,54.19,0.06,0.92,0.19,0.73
1,colgen,set3_t2_noncorr/I250_C5_5,250,5,2,4218.28,1695.36,4218.28,0.0,OPTIMAL,2831,275,256,19,0.93,0.07,7.89,1685.99,22.68,1663.31,0.0,0.99,0.01,0.98
1,colgen,set3_t2_noncorr/I250_C5_6,250,5,2,4554.27,570.8,4554.27,0.0,OPTIMAL,2659,295,278,17,0.94,0.06,6.57,563.12,21.88,541.24,0.01,0.99,0.04,0.95
1,colgen,set3_t2_noncorr/I250_C5_7,250,5,2,4849.42,77.14,4849.42,0.0,OPTIMAL,2338,255,240,15,0.94,0.06,4.53,71.68,14.29,57.39,0.06,0.93,0.19,0.74
1,colgen,set3_t2_noncorr/I250_C5_8,250,5,2,4521.03,125.93,4521.03,0.0,OPTIMAL,2474,266,253,13,0.95,0.05,5.68,119.06,16.15,102.91,0.05,0.95,0.13,0.82
1,colgen,set3_t2_noncorr/I250_C5_9,250,5,2,4816.55,68.74,4816.55,0.0,OPTIMAL,2385,260,246,14,0.95,0.05,4.89,62.9,14.98,47.91,0.07,0.91,0.22,0.7
1,colgen,set3_t2_corr/I500_C3_1,500,3,2,7885.25,4333.38,7885.25,0.0,OPTIMAL,5200,480,461,19,0.96,0.04,58.55,4272.04,65.54,4206.5,0.01,0.99,0.02,0.97
1,colgen,set3_t2_corr/I500_C3_10,500,3,2,6265.44,101063.7,5962.03,0.05,TIMELIMIT,6483,604,597,7,0.99,0.01,120.22,100939.99,85.26,100854.73,0.0,1.0,0.0,1.0
1,colgen,set3_t2_corr/I500_C3_2,500,3,2,7613.55,1163.04,7613.55,0.0,OPTIMAL,4727,461,432,29,0.94,0.06,47.44,1112.93,69.89,1043.04,0.04,0.96,0.06,0.9
1,colgen,set3_t2_corr/I500_C3_3,500,3,2,9061.58,229.56,9061.58,0.0,OPTIMAL,4116,412,394,18,0.96,0.04,30.33,197.04,38.26,158.78,0.13,0.86,0.17,0.69
1,colgen,set3_t2_corr/I500_C3_4,500,3,2,12623.08,66.95,12623.08,0.0,OPTIMAL,3385,359,345,14,0.96,0.04,13.24,52.2,25.08,27.12,0.2,0.78,0.37,0.41
1,colgen,set3_t2_corr/I500_C3_5,500,3,2,7326.05,14996.34,7326.05,0.0,OPTIMAL,5532,534,511,23,0.96,0.04,77.71,14915.56,87.14,14828.43,0.01,0.99,0.01,0.99
1,colgen,set3_t2_corr/I500_C3_6,500,3,2,8982.35,276.5,8982.35,0.0,OPTIMAL,4106,420,401,19,0.95,0.05,31.41,242.77,40.86,201.9,0.11,0.88,0.15,0.73
1,colgen,set3_t2_corr/I500_C3_7,500,3,2,10305.84,149.44,10305.84,0.0,OPTIMAL,4061,467,448,19,0.96,0.04,27.28,119.96,38.21,81.75,0.18,0.8,0.26,0.55
1,colgen,set3_t2_corr/I500_C3_8,500,3,2,7595.28,7003.17,7595.28,0.0,OPTIMAL,5161,488,467,21,0.96,0.04,61.2,6939.24,67.23,6872.02,0.01,0.99,0.01,0.98
1,colgen,set3_t2_corr/I500_C3_9,500,3,2,7424.03,10162.0,7424.03,0.0,OPTIMAL,5351,517,497,20,0.96,0.04,71.41,10087.77,70.67,10017.1,0.01,0.99,0.01,0.99
1,colgen,set3_t2_noncorr/I500_C3_1,500,3,2,9003.65,1143.88,9003.65,0.0,OPTIMAL,4668,495,474,21,0.96,0.04,41.25,1100.35,47.24,1053.11,0.04,0.96,0.04,0.92
1,colgen,set3_t2_noncorr/I500_C3_10,500,3,2,9276.62,806.54,9276.62,0.0,OPTIMAL,4629,448,428,20,0.96,0.04,36.99,767.01,45.24,721.78,0.05,0.95,0.06,0.89
1,colgen,set3_t2_noncorr/I500_C3_2,500,3,2,8929.64,1367.34,8929.64,0.0,OPTIMAL,4967,501,479,22,0.96,0.04,47.95,1316.66,56.12,1260.55,0.04,0.96,0.04,0.92
1,colgen,set3_t2_noncorr/I500_C3_3,500,3,2,8418.68,277.59,8418.68,0.0,OPTIMAL,3959,369,351,18,0.95,0.05,33.31,242.09,41.53,200.56,0.12,0.87,0.15,0.72
1,colgen,set3_t2_noncorr/I500_C3_4,500,3,2,9638.05,209.44,9638.05,0.0,OPTIMAL,3951,377,357,20,0.95,0.05,25.48,181.9,34.58,147.32,0.12,0.87,0.17,0.7
1,colgen,set3_t2_noncorr/I500_C3_5,500,3,2,9034.26,871.22,9034.26,0.0,OPTIMAL,4665,490,469,21,0.96,0.04,40.83,828.06,50.93,777.13,0.05,0.95,0.06,0.89
1,colgen,set3_t2_noncorr/I500_C3_6,500,3,2,9252.74,644.55,9252.74,0.0,OPTIMAL,4512,437,420,17,0.96,0.04,35.24,606.82,41.4,565.42,0.05,0.94,0.06,0.88
1,colgen,set3_t2_noncorr/I500_C3_7,500,3,2,8717.86,279.44,8717.86,0.0,OPTIMAL,4127,400,383,17,0.96,0.04,33.24,243.81,43.01,200.8,0.12,0.87,0.15,0.72
1,colgen,set3_t2_noncorr/I500_C3_8,500,3,2,8626.7,1180.12,8626.7,0.0,OPTIMAL,4265,423,402,21,0.95,0.05,38.49,1139.33,45.58,1093.76,0.03,0.97,0.04,0.93
1,colgen,set3_t2_noncorr/I500_C3_9,500,3,2,9141.27,284.76,9141.27,0.0,OPTIMAL,4099,431,412,19,0.96,0.04,32.06,250.46,41.02,209.44,0.11,0.88,0.14,0.74
1,colgen,set3_t2_corr/I500_C4_1,500,4,2,10564.24,273.36,10564.24,0.0,OPTIMAL,4441,550,517,33,0.94,0.06,32.12,238.91,53.15,185.76,0.12,0.87,0.19,0.68
1,colgen,set3_t2_corr/I500_C4_10,500,4,2,8655.26,6832.44,8655.26,0.0,OPTIMAL,5255,532,508,24,0.95,0.05,53.73,6776.06,65.27,6710.79,0.01,0.99,0.01,0.98
1,colgen,set3_t2_corr/I500_C4_2,500,4,2,10449.93,146.8,10449.93,0.0,OPTIMAL,3986,422,403,19,0.95,0.05,27.23,117.62,40.39,77.23,0.19,0.8,0.28,0.53
1,colgen,set3_t2_corr/I500_C4_3,500,4,2,9901.22,316.7,9901.22,0.0,OPTIMAL,4495,472,448,24,0.95,0.05,33.81,280.51,46.27,234.25,0.11,0.89,0.15,0.74
1,colgen,set3_t2_corr/I500_C4_4,500,4,2,12800.94,100.06,12800.94,0.0,OPTIMAL,3737,444,418,26,0.94,0.06,15.54,82.83,32.27,50.56,0.16,0.83,0.32,0.51
1,colgen,set3_t2_corr/I500_C4_5,500,4,2,8278.68,16176.5,8278.68,0.0,OPTIMAL,5634,587,563,24,0.96,0.04,69.18,16104.39,80.73,16023.66,0.0,1.0,0.0,0.99
1,colgen,set3_t2_corr/I500_C4_6,500,4,2,9928.25,336.14,9928.25,0.0,OPTIMAL,4474,513,491,22,0.96,0.04,35.25,298.51,48.18,250.33,0.1,0.89,0.14,0.74
1,colgen,set3_t2_corr/I500_C4_7,500,4,2,10792.51,193.39,10792.51,0.0,OPTIMAL,4432,532,506,26,0.95,0.05,29.82,161.36,48.27,113.09,0.15,0.83,0.25,0.58
1,colgen,set3_t2_corr/I500_C4_8,500,4,2,10522.25,258.93,10522.25,0.0,OPTIMAL,4399,516,489,27,0.95,0.05,30.61,226.06,49.06,177.01,0.12,0.87,0.19,0.68
1,colgen,set3_t2_corr/I500_C4_9,500,4,2,10155.72,260.99,10155.72,0.0,OPTIMAL,4467,505,483,22,0.96,0.04,32.13,226.54,44.3,182.24,0.12,0.87,0.17,0.7
1,colgen,set3_t2_noncorr/I500_C4_1,500,4,2,10586.89,1105.73,10586.89,0.0,OPTIMAL,5051,614,588,26,0.96,0.04,37.15,1065.71,56.84,1008.87,0.03,0.96,0.05,0.91
1,colgen,set3_t2_noncorr/I500_C4_10,500,4,2,10664.98,948.36,10664.98,0.0,OPTIMAL,4815,535,506,29,0.95,0.05,34.22,911.54,50.83,860.71,0.04,0.96,0.05,0.91
1,colgen,set3_t2_noncorr/I500_C4_2,500,4,2,10356.36,852.85,10356.36,0.0,OPTIMAL,4924,553,526,27,0.95,0.05,36.87,813.33,50.45,762.88,0.04,0.95,0.06,0.89
1,colgen,set3_t2_noncorr/I500_C4_3,500,4,2,10705.14,267.0,10705.14,0.0,OPTIMAL,4273,484,464,20,0.96,0.04,26.3,238.6,39.15,199.45,0.1,0.89,0.15,0.75
1,colgen,set3_t2_noncorr/I500_C4_4,500,4,2,12258.03,94.74,12258.03,0.0,OPTIMAL,3759,411,394,17,0.96,0.04,16.85,76.13,31.03,45.11,0.18,0.8,0.33,0.48
1,colgen,set3_t2_noncorr/I500_C4_5,500,4,2,10685.6,833.81,10685.6,0.0,OPTIMAL,4763,593,567,26,0.96,0.04,32.23,799.15,49.04,750.11,0.04,0.96,0.06,0.9
1,colgen,set3_t2_noncorr/I500_C4_6,500,4,2,10953.2,1094.37,10953.2,0.0,OPTIMAL,4973,611,576,35,0.94,0.06,33.93,1057.6,54.79,1002.81,0.03,0.97,0.05,0.92
1,colgen,set3_t2_noncorr/I500_C4_7,500,4,2,11049.79,122.2,11049.79,0.0,OPTIMAL,3811,440,419,21,0.95,0.05,21.39,98.86,38.06,60.8,0.18,0.81,0.31,0.5
1,colgen,set3_t2_noncorr/I500_C4_8,500,4,2,10386.15,902.1,10386.15,0.0,OPTIMAL,4863,545,524,21,0.96,0.04,36.96,862.69,49.55,813.14,0.04,0.96,0.05,0.9
1,colgen,set3_t2_noncorr/I500_C4_9,500,4,2,10065.53,326.56,10065.53,0.0,OPTIMAL,4368,476,456,20,0.96,0.04,33.32,290.87,44.32,246.55,0.1,0.89,0.14,0.75
1,colgen,set3_t2_corr/I500_C5_1,500,5,2,11089.21,269.44,11089.21,0.0,OPTIMAL,4931,683,650,33,0.95,0.05,32.77,234.21,51.24,182.98,0.12,0.87,0.19,0.68
1,colgen,set3_t2_corr/I500_C5_10,500,5,2,10870.26,409.63,10870.26,0.0,OPTIMAL,4900,643,600,43,0.93,0.07,33.14,373.59,71.36,302.23,0.08,0.91,0.17,0.74
1,colgen,set3_t2_corr/I500_C5_2,500,5,2,13322.33,102.54,13322.33,0.0,OPTIMAL,3903,445,418,27,0.94,0.06,14.54,86.14,36.19,49.95,0.14,0.84,0.35,0.49
1,colgen,set3_t2_corr/I500_C5_3,500,5,2,10492.9,312.35,10492.9,0.0,OPTIMAL,4802,585,559,26,0.96,0.04,35.32,274.57,57.67,216.9,0.11,0.88,0.18,0.69
1,colgen,set3_t2_corr/I500_C5_4,500,5,2,12739.59,95.12,12739.59,0.0,OPTIMAL,3752,433,411,22,0.95,0.05,15.1,78.28,35.42,42.86,0.16,0.82,0.37,0.45
1,colgen,set3_t2_corr/I500_C5_5,500,5,2,9699.59,1129.48,9699.59,0.0,OPTIMAL,4879,599,575,24,0.96,0.04,47.04,1079.46,57.85,1021.61,0.04,0.96,0.05,0.9
1,colgen,set3_t2_corr/I500_C5_6,500,5,2,12087.07,74.71,12087.07,0.0,OPTIMAL,3883,452,443,9,0.98,0.02,19.83,53.1,32.4,20.7,0.27,0.71,0.43,0.28
1,colgen,set3_t2_corr/I500_C5_7,500,5,2,11287.98,125.33,11287.98,0.0,OPTIMAL,4387,550,536,14,0.97,0.03,26.65,96.51,37.99,58.52,0.21,0.77,0.3,0.47
1,colgen,set3_t2_corr/I500_C5_8,500,5,2,12054.49,157.76,12054.49,0.0,OPTIMAL,4204,519,476,43,0.92,0.08,21.91,133.71,38.23,95.48,0.14,0.85,0.24,0.61
1,colgen,set3_t2_corr/I500_C5_9,500,5,2,10732.41,466.87,10732.41,0.0,OPTIMAL,5091,686,643,43,0.94,0.06,37.19,426.8,68.17,358.63,0.08,0.91,0.15,0.77
1,colgen,set3_t2_noncorr/I500_C5_1,500,5,2,12025.0,144.08,12025.0,0.0,OPTIMAL,3864,262,259,3,0.99,0.01,19.14,123.01,24.93,98.08,0.13,0.85,0.17,0.68
1,colgen,set3_t2_noncorr/I500_C5_10,500,5,2,12657.92,231.75,12657.92,0.0,OPTIMAL,4802,527,496,31,0.94,0.06,21.59,207.8,43.79,164.01,0.09,0.9,0.19,0.71
1,colgen,set3_t2_noncorr/I500_C5_2,500,5,2,12375.0,76.97,12375.0,0.0,OPTIMAL,4305,417,412,5,0.99,0.01,20.59,54.23,30.83,23.4,0.27,0.7,0.4,0.3
1,colgen,set3_t2_noncorr/I500_C5_3,500,5,2,12086.01,169.81,12086.01,0.0,OPTIMAL,4208,468,456,12,0.97,0.03,23.19,144.65,38.03,106.62,0.14,0.85,0.22,0.63
1,colgen,set3_t2_noncorr/I500_C5_4,500,5,2,12417.25,139.91,12417.25,0.0,OPTIMAL,4016,460,433,27,0.94,0.06,20.55,117.31,43.61,73.7,0.15,0.84,0.31,0.53
1,colgen,set3_t2_noncorr/I500_C5_5,500,5,2,11354.17,278.55,11354.17,0.0,OPTIMAL,4528,517,508,9,0.98,0.02,28.4,247.79,40.23,207.55,0.1,0.89,0.14,0.75
1,colgen,set3_t2_noncorr/I500_C5_6,500,5,2,11642.45,207.77,11642.45,0.0,OPTIMAL,4157,353,347,6,0.98,0.02,23.61,182.01,29.74,152.26,0.11,0.88,0.14,0.73
1,colgen,set3_t2_noncorr/I500_C5_7,500,5,2,14348.46,47.45,14348.46,0.0,OPTIMAL,3542,348,341,7,0.98,0.02,11.08,34.69,24.59,10.1,0.23,0.73,0.52,0.21
1,colgen,set3_t2_noncorr/I500_C5_8,500,5,2,11719.48,205.78,11719.48,0.0,OPTIMAL,4103,403,398,5,0.99,0.01,23.74,179.99,33.93,146.06,0.12,0.87,0.16,0.71
1,colgen,set3_t2_noncorr/I500_C5_9,500,5,2,12265.11,155.34,12265.11,0.0,OPTIMAL,4157,458,425,33,0.93,0.07,21.91,131.05,36.07,94.99,0.14,0.84,0.23,0.61
1,colgen,set3_t2_corr/I1000_C3_1,1000,3,2,16936.46,93644.21,16657.72,0.02,TIMELIMIT,11339,1260,1238,22,0.98,0.02,573.59,93059.64,363.15,92696.49,0.01,0.99,0.0,0.99
1,colgen,set3_t2_corr/I1000_C3_10,1000,3,2,20322.42,1590.99,20322.42,0.0,OPTIMAL,8664,994,965,29,0.97,0.03,245.39,1337.91,197.19,1140.73,0.15,0.84,0.12,0.72
1,colgen,set3_t2_corr/I1000_C3_2,1000,3,2,15179.74,158401.09,14186.7,0.07,TIMELIMIT,11283,920,917,3,1.0,0.0,653.64,157737.22,198.35,157538.87,0.0,1.0,0.0,0.99
1,colgen,set3_t2_corr/I1000_C3_3,1000,3,2,16321.34,90844.85,16180.34,0.01,TIMELIMIT,11240,1093,1071,22,0.98,0.02,547.65,90286.42,312.3,89974.12,0.01,0.99,0.0,0.99
1,colgen,set3_t2_corr/I1000_C3_4,1000,3,2,14897.35,158401.59,0.0,1.0,TIMELIMIT,11264,778,776,2,1.0,0.0,676.9,157714.92,178.22,157536.7,0.0,1.0,0.0,0.99
1,colgen,set3_t2_corr/I1000_C3_5,1000,3,2,16793.93,90181.27,16704.23,0.01,TIMELIMIT,11117,1142,1110,32,0.97,0.03,528.17,89642.37,344.21,89298.16,0.01,0.99,0.0,0.99
1,colgen,set3_t2_corr/I1000_C3_6,1000,3,2,21500.71,1435.25,21500.71,0.0,OPTIMAL,8621,1064,1027,37,0.97,0.03,213.22,1214.12,234.12,980.0,0.15,0.85,0.16,0.68
1,colgen,set3_t2_corr/I1000_C3_7,1000,3,2,17412.21,80988.87,17412.21,0.0,OPTIMAL,11251,1236,1189,47,0.96,0.04,496.76,80481.29,341.32,80139.97,0.01,0.99,0.0,0.99
1,colgen,set3_t2_corr/I1000_C3_8,1000,3,2,16755.05,91211.26,16659.53,0.01,TIMELIMIT,10911,1081,1050,31,0.97,0.03,502.83,90698.79,327.23,90371.56,0.01,0.99,0.0,0.99
1,colgen,set3_t2_corr/I1000_C3_9,1000,3,2,28875.43,303.67,28875.43,0.0,OPTIMAL,5975,482,467,15,0.97,0.03,63.61,235.66,64.31,171.35,0.21,0.78,0.21,0.56
1,colgen,set3_t2_noncorr/I1000_C3_1,1000,3,2,21010.54,1680.5,21010.54,0.0,OPTIMAL,8411,949,920,29,0.97,0.03,198.14,1474.8,158.54,1316.26,0.12,0.88,0.09,0.78
1,colgen,set3_t2_noncorr/I1000_C3_10,1000,3,2,19878.33,7430.38,19878.33,0.0,OPTIMAL,9066,887,862,25,0.97,0.03,262.65,7159.34,183.08,6976.25,0.04,0.96,0.02,0.94
1,colgen,set3_t2_noncorr/I1000_C3_2,1000,3,2,18048.91,25808.62,18048.91,0.0,OPTIMAL,9906,1112,1077,35,0.97,0.03,411.85,25387.3,244.58,25142.72,0.02,0.98,0.01,0.97
1,colgen,set3_t2_noncorr/I1000_C3_3,1000,3,2,15877.14,99518.85,15567.3,0.02,TIMELIMIT,10818,1118,1104,14,0.99,0.01,573.29,98935.21,258.92,98676.3,0.01,0.99,0.0,0.99
1,colgen,set3_t2_noncorr/I1000_C3_4,1000,3,2,14334.28,158401.29,0.0,1.0,TIMELIMIT,12120,965,963,2,1.0,0.0,794.72,157594.99,216.63,157378.36,0.01,0.99,0.0,0.99
1,colgen,set3_t2_noncorr/I1000_C3_5,1000,3,2,20261.37,8362.8,20261.37,0.0,OPTIMAL,9033,980,945,35,0.96,0.04,262.33,8092.03,230.98,7861.05,0.03,0.97,0.03,0.94
1,colgen,set3_t2_noncorr/I1000_C3_6,1000,3,2,19786.64,9570.61,19786.64,0.0,OPTIMAL,9519,999,964,35,0.96,0.04,294.54,9267.43,187.82,9079.61,0.03,0.97,0.02,0.95
1,colgen,set3_t2_noncorr/I1000_C3_7,1000,3,2,15863.27,137416.8,14786.99,0.07,TIMELIMIT,11670,977,974,3,1.0,0.0,641.67,136764.95,195.68,136569.27,0.0,1.0,0.0,0.99
1,colgen,set3_t2_noncorr/I1000_C3_8,1000,3,2,18173.37,13156.1,18173.37,0.0,OPTIMAL,9129,996,969,27,0.97,0.03,327.69,12819.89,192.29,12627.6,0.02,0.97,0.01,0.96
1,colgen,set3_t2_noncorr/I1000_C3_9,1000,3,2,19507.01,2055.18,19507.01,0.0,OPTIMAL,8250,927,898,29,0.97,0.03,242.22,1805.01,212.23,1592.79,0.12,0.88,0.1,0.78
1,colgen,set3_t2_corr/I1000_C4_1,1000,4,2,19057.68,93437.54,18907.35,0.01,TIMELIMIT,12334,1561,1538,23,0.99,0.01,511.89,92913.88,303.47,92610.41,0.01,0.99,0.0,0.99
1,colgen,set3_t2_corr/I1000_C4_10,1000,4,2,21635.17,3068.0,21635.17,0.0,OPTIMAL,9876,1288,1229,59,0.95,0.05,268.01,2790.81,348.72,2442.09,0.09,0.91,0.11,0.8
1,colgen,set3_t2_corr/I1000_C4_2,1000,4,2,18048.02,100021.75,17416.79,0.03,TIMELIMIT,11388,1232,1222,10,0.99,0.01,532.38,99478.94,237.72,99241.22,0.01,0.99,0.0,0.99
1,colgen,set3_t2_corr/I1000_C4_3,1000,4,2,18356.28,90852.93,18215.71,0.01,TIMELIMIT,11563,1372,1349,23,0.98,0.02,482.95,90358.36,313.76,90044.6,0.01,0.99,0.0,0.99
1,colgen,set3_t2_corr/I1000_C4_4,1000,4,2,17060.09,158401.25,0.0,1.0,TIMELIMIT,11796,1124,1122,2,1.0,0.0,630.0,157760.73,218.95,157541.78,0.0,1.0,0.0,0.99
1,colgen,set3_t2_corr/I1000_C4_5,1000,4,2,18678.2,91559.35,18592.9,0.0,TIMELIMIT,11927,1418,1383,35,0.98,0.02,483.82,91063.51,316.75,90746.76,0.01,0.99,0.0,0.99
1,colgen,set3_t2_corr/I1000_C4_6,1000,4,2,27575.41,547.61,27575.41,0.0,OPTIMAL,8055,964,940,24,0.98,0.02,108.03,433.66,122.96,310.7,0.2,0.79,0.22,0.57
1,colgen,set3_t2_corr/I1000_C4_7,1000,4,2,19348.07,88186.51,19348.07,0.0,OPTIMAL,12248,1632,1578,54,0.97,0.03,482.28,87692.24,351.39,87340.85,0.01,0.99,0.0,0.99
1,colgen,set3_t2_corr/I1000_C4_8,1000,4,2,22719.04,1252.82,22719.04,0.0,OPTIMAL,9043,1067,1038,29,0.97,0.03,218.49,1025.92,197.32,828.6,0.17,0.82,0.16,0.66
1,colgen,set3_t2_corr/I1000_C4_9,1000,4,2,33445.3,594.31,33445.3,0.0,OPTIMAL,6532,708,676,32,0.95,0.05,52.15,536.86,129.72,407.14,0.09,0.9,0.22,0.69
1,colgen,set3_t2_noncorr/I1000_C4_1,1000,4,2,24712.5,453.42,24712.5,0.0,OPTIMAL,8062,649,644,5,0.99,0.01,140.73,305.53,95.08,210.46,0.31,0.67,0.21,0.46
1,colgen,set3_t2_noncorr/I1000_C4_10,1000,4,2,24914.34,1565.05,24914.34,0.0,OPTIMAL,8564,915,882,33,0.96,0.04,147.98,1409.66,177.64,1232.02,0.09,0.9,0.11,0.79
1,colgen,set3_t2_noncorr/I1000_C4_2,1000,4,2,19867.49,29858.16,19867.49,0.0,OPTIMAL,10821,1282,1242,40,0.97,0.03,416.26,29431.46,289.41,29142.05,0.01,0.99,0.01,0.98
1,colgen,set3_t2_noncorr/I1000_C4_3,1000,4,2,18241.04,99619.54,17989.25,0.01,TIMELIMIT,11446,1386,1372,14,0.99,0.01,514.02,99093.87,273.14,98820.73,0.01,0.99,0.0,0.99
1,colgen,set3_t2_noncorr/I1000_C4_4,1000,4,2,17604.53,155097.04,16715.14,0.05,TIMELIMIT,11901,1109,1106,3,1.0,0.0,570.16,154516.96,212.89,154304.07,0.0,1.0,0.0,0.99
1,colgen,set3_t2_noncorr/I1000_C4_5,1000,4,2,24595.55,1688.33,24595.55,0.0,OPTIMAL,8492,976,941,35,0.96,0.04,156.7,1524.31,175.81,1348.5,0.09,0.9,0.1,0.8
1,colgen,set3_t2_noncorr/I1000_C4_6,1000,4,2,21260.97,14896.92,21260.97,0.0,OPTIMAL,11170,1462,1407,55,0.96,0.04,326.18,14560.33,345.71,14214.62,0.02,0.98,0.02,0.95
1,colgen,set3_t2_noncorr/I1000_C4_7,1000,4,2,19056.07,96878.58,18845.58,0.01,TIMELIMIT,12355,1478,1464,14,0.99,0.01,517.8,96349.74,296.33,96053.41,0.01,0.99,0.0,0.99
1,colgen,set3_t2_noncorr/I1000_C4_8,1000,4,2,22413.74,7415.54,22413.74,0.0,OPTIMAL,9395,1130,1111,19,0.98,0.02,231.5,7175.79,176.44,6999.35,0.03,0.97,0.02,0.94
1,colgen,set3_t2_noncorr/I1000_C4_9,1000,4,2,24973.03,954.94,24973.03,0.0,OPTIMAL,7722,904,862,42,0.95,0.05,128.25,819.88,186.4,633.48,0.13,0.86,0.2,0.66
1,colgen,set3_t2_corr/I1000_C5_1,1000,5,2,20001.04,94168.35,19899.14,0.01,TIMELIMIT,13016,1516,1493,23,0.98,0.02,512.03,93643.0,281.37,93361.63,0.01,0.99,0.0,0.99
1,colgen,set3_t2_corr/I1000_C5_10,1000,5,2,23329.17,555.56,23329.17,0.0,OPTIMAL,7332,607,598,9,0.99,0.01,156.04,393.73,88.78,304.95,0.28,0.71,0.16,0.55
1,colgen,set3_t2_corr/I1000_C5_2,1000,5,2,19577.21,99322.46,19356.87,0.01,TIMELIMIT,11965,1478,1468,10,0.99,0.01,523.15,98788.85,277.66,98511.19,0.01,0.99,0.0,0.99
1,colgen,set3_t2_corr/I1000_C5_3,1000,5,2,22480.7,1455.54,22480.7,0.0,OPTIMAL,9592,1166,1147,19,0.98,0.02,235.94,1211.34,175.73,1035.6,0.16,0.83,0.12,0.71
1,colgen,set3_t2_corr/I1000_C5_4,1000,5,2,20167.43,80766.27,20167.43,0.0,OPTIMAL,13062,1450,1398,52,0.96,0.04,456.45,80296.75,378.02,79918.74,0.01,0.99,0.0,0.99
1,colgen,set3_t2_corr/I1000_C5_5,1000,5,2,19864.07,90503.29,19769.38,0.0,TIMELIMIT,12585,1585,1550,35,0.98,0.02,517.48,89973.51,341.42,89632.08,0.01,0.99,0.0,0.99
1,colgen,set3_t2_corr/I1000_C5_6,1000,5,2,32936.93,210.98,32936.93,0.0,OPTIMAL,6380,433,426,7,0.98,0.02,51.27,154.51,67.41,87.09,0.24,0.73,0.32,0.41
1,colgen,set3_t2_corr/I1000_C5_7,1000,5,2,20102.6,88613.15,20084.9,0.0,TIMELIMIT,12421,1451,1400,51,0.96,0.04,459.41,88140.68,376.5,87764.18,0.01,0.99,0.0,0.99
1,colgen,set3_t2_corr/I1000_C5_8,1000,5,2,24042.92,402.81,24042.92,0.0,OPTIMAL,7099,605,599,6,0.99,0.01,139.85,257.56,85.66,171.9,0.35,0.64,0.21,0.43
1,colgen,set3_t2_corr/I1000_C5_9,1000,5,2,43220.58,416.02,43220.58,0.0,OPTIMAL,4547,315,275,40,0.87,0.13,2.22,410.74,52.96,357.78,0.01,0.99,0.13,0.86
1,colgen,set3_t2_noncorr/I1000_C5_1,1000,5,2,24950.0,366.42,24950.0,0.0,OPTIMAL,8161,579,576,3,0.99,0.01,134.5,224.61,90.54,134.07,0.37,0.61,0.25,0.37
1,colgen,set3_t2_noncorr/I1000_C5_10,1000,5,2,32604.74,136.0,32604.74,0.0,OPTIMAL,4915,263,259,4,0.98,0.02,35.82,97.13,42.88,54.25,0.26,0.71,0.32,0.4
1,colgen,set3_t2_noncorr/I1000_C5_2,1000,5,2,24373.5,684.21,24373.5,0.0,OPTIMAL,6863,543,533,10,0.98,0.02,136.26,542.48,82.12,460.36,0.2,0.79,0.12,0.67
1,colgen,set3_t2_noncorr/I1000_C5_3,1000,5,2,19555.54,96064.77,19416.92,0.01,TIMELIMIT,12110,1530,1516,14,0.99,0.01,516.23,95537.2,274.04,95263.15,0.01,0.99,0.0,0.99
1,colgen,set3_t2_noncorr/I1000_C5_4,1000,5,2,19353.93,153584.73,18323.83,0.05,TIMELIMIT,11130,1175,1172,3,1.0,0.0,469.15,153106.08,219.62,152886.46,0.0,1.0,0.0,1.0
1,colgen,set3_t2_noncorr/I1000_C5_5,1000,5,2,24942.47,477.99,24942.47,0.0,OPTIMAL,8563,837,832,5,0.99,0.01,156.86,313.77,119.6,194.17,0.33,0.66,0.25,0.41
1,colgen,set3_t2_noncorr/I1000_C5_6,1000,5,2,24950.0,322.39,24950.0,0.0,OPTIMAL,8435,679,677,2,1.0,0.0,144.69,170.37,100.07,70.3,0.45,0.53,0.31,0.22
1,colgen,set3_t2_noncorr/I1000_C5_7,1000,5,2,23225.0,3810.69,23225.0,0.0,OPTIMAL,8741,807,794,13,0.98,0.02,230.8,3571.8,119.29,3452.51,0.06,0.94,0.03,0.91
1,colgen,set3_t2_noncorr/I1000_C5_8,1000,5,2,24787.46,1721.99,24787.46,0.0,OPTIMAL,8001,580,576,4,0.99,0.01,149.85,1565.41,94.38,1471.03,0.09,0.91,0.05,0.85
1,colgen,set3_t2_noncorr/I1000_C5_9,1000,5,2,28529.28,437.07,28529.28,0.0,OPTIMAL,7288,633,613,20,0.97,0.03,91.45,340.03,90.38,249.66,0.21,0.78,0.21,0.57
1,colgen,set3_t3_corr/I250_C3_1,250,3,3,4464.74,26.23,4464.74,0.0,OPTIMAL,2060,192,180,12,0.94,0.06,3.75,21.6,11.72,9.88,0.14,0.82,0.45,0.38
1,colgen,set3_t3_corr/I250_C3_10,250,3,3,3518.12,621.77,3518.12,0.0,OPTIMAL,3217,405,376,29,0.93,0.07,18.06,602.11,46.15,555.96,0.03,0.97,0.07,0.89
1,colgen,set3_t3_corr/I250_C3_2,250,3,3,3451.06,439.35,3451.06,0.0,OPTIMAL,3152,395,369,26,0.93,0.07,14.94,422.84,36.83,386.01,0.03,0.96,0.08,0.88
1,colgen,set3_t3_corr/I250_C3_3,250,3,3,3662.18,96.03,3662.18,0.0,OPTIMAL,2575,322,297,25,0.92,0.08,12.43,82.39,35.07,47.32,0.13,0.86,0.37,0.49
1,colgen,set3_t3_corr/I250_C3_4,250,3,3,3801.98,259.51,3801.98,0.0,OPTIMAL,3016,338,321,17,0.95,0.05,13.1,244.72,29.22,215.5,0.05,0.94,0.11,0.83
1,colgen,set3_t3_corr/I250_C3_5,250,3,3,3420.33,22262.88,3420.33,0.0,OPTIMAL,4097,644,542,102,0.84,0.16,33.07,22227.26,54.88,22172.38,0.0,1.0,0.0,1.0
1,colgen,set3_t3_corr/I250_C3_6,250,3,3,4727.5,23.43,4727.5,0.0,OPTIMAL,1945,165,154,11,0.93,0.07,2.97,19.48,9.18,10.31,0.13,0.83,0.39,0.44
1,colgen,set3_t3_corr/I250_C3_7,250,3,3,3682.4,2088.09,3682.4,0.0,OPTIMAL,3670,649,565,84,0.87,0.13,27.99,2057.74,46.89,2010.85,0.01,0.99,0.02,0.96
1,colgen,set3_t3_corr/I250_C3_8,250,3,3,3333.26,4094.59,3333.26,0.0,OPTIMAL,3774,654,592,62,0.91,0.09,35.27,4057.08,57.53,3999.54,0.01,0.99,0.01,0.98
1,colgen,set3_t3_corr/I250_C3_9,250,3,3,3875.16,43.35,3875.16,0.0,OPTIMAL,2260,259,243,16,0.94,0.06,7.42,34.85,19.26,15.58,0.17,0.8,0.44,0.36
1,colgen,set3_t3_noncorr/I250_C3_1,250,3,3,4441.7,17.91,4441.7,0.0,OPTIMAL,1648,151,138,13,0.91,0.09,2.48,14.66,10.1,4.56,0.14,0.82,0.56,0.25
1,colgen,set3_t3_noncorr/I250_C3_10,250,3,3,3316.02,5948.86,3316.02,0.0,OPTIMAL,3904,558,491,67,0.88,0.12,27.75,5918.65,50.6,5868.05,0.0,0.99,0.01,0.99
1,colgen,set3_t3_noncorr/I250_C3_2,250,3,3,3989.67,88.28,3989.67,0.0,OPTIMAL,2393,211,198,13,0.94,0.06,7.24,79.94,16.54,63.4,0.08,0.91,0.19,0.72
1,colgen,set3_t3_noncorr/I250_C3_3,250,3,3,3723.0,167.84,3723.0,0.0,OPTIMAL,2741,303,283,20,0.93,0.07,13.44,153.11,29.64,123.47,0.08,0.91,0.18,0.74
1,colgen,set3_t3_noncorr/I250_C3_4,250,3,3,3591.27,184.03,3591.27,0.0,OPTIMAL,2953,380,356,24,0.94,0.06,15.42,166.94,35.54,131.4,0.08,0.91,0.19,0.71
1,colgen,set3_t3_noncorr/I250_C3_5,250,3,3,3658.26,2656.0,3658.26,0.0,OPTIMAL,3400,469,433,36,0.92,0.08,22.0,2632.18,62.72,2569.46,0.01,0.99,0.02,0.97
1,colgen,set3_t3_noncorr/I250_C3_6,250,3,3,3669.36,15647.94,3669.36,0.0,OPTIMAL,4055,664,559,105,0.84,0.16,33.65,15611.83,53.89,15557.94,0.0,1.0,0.0,0.99
1,colgen,set3_t3_noncorr/I250_C3_7,250,3,3,3538.9,248.85,3538.9,0.0,OPTIMAL,2966,369,346,23,0.94,0.06,15.55,231.95,39.01,192.94,0.06,0.93,0.16,0.78
1,colgen,set3_t3_noncorr/I250_C3_8,250,3,3,4878.06,21.36,4878.06,0.0,OPTIMAL,1799,159,150,9,0.94,0.06,2.79,17.76,9.05,8.71,0.13,0.83,0.42,0.41
1,colgen,set3_t3_noncorr/I250_C3_9,250,3,3,3551.63,729.13,3551.63,0.0,OPTIMAL,3208,452,422,30,0.93,0.07,20.2,707.24,57.78,649.46,0.03,0.97,0.08,0.89
1,colgen,set3_t3_corr/I250_C4_1,250,4,3,5823.68,13.03,5823.68,0.0,OPTIMAL,1645,139,130,9,0.94,0.06,1.75,10.59,7.17,3.42,0.13,0.81,0.55,0.26
1,colgen,set3_t3_corr/I250_C4_10,250,4,3,4625.31,45.06,4625.31,0.0,OPTIMAL,2090,182,172,10,0.95,0.05,4.12,40.06,11.04,29.02,0.09,0.89,0.24,0.64
1,colgen,set3_t3_corr/I250_C4_2,250,4,3,3975.95,406.09,3975.95,0.0,OPTIMAL,2819,294,278,16,0.95,0.05,9.7,395.18,23.27,371.91,0.02,0.97,0.06,0.92
1,colgen,set3_t3_corr/I250_C4_3,250,4,3,5021.93,18.9,5021.93,0.0,OPTIMAL,1766,157,148,9,0.94,0.06,2.65,15.5,8.51,6.99,0.14,0.82,0.45,0.37
1,colgen,set3_t3_corr/I250_C4_4,250,4,3,4375.8,286.95,4375.8,0.0,OPTIMAL,2631,240,228,12,0.95,0.05,7.2,278.63,16.05,262.58,0.03,0.97,0.06,0.92
1,colgen,set3_t3_corr/I250_C4_5,250,4,3,4310.8,237.69,4310.8,0.0,OPTIMAL,2556,243,230,13,0.95,0.05,6.27,230.4,17.3,213.09,0.03,0.97,0.07,0.9
1,colgen,set3_t3_corr/I250_C4_6,250,4,3,6000.08,13.71,6000.08,0.0,OPTIMAL,1703,159,149,10,0.94,0.06,1.81,11.12,7.46,3.67,0.13,0.81,0.54,0.27
1,colgen,set3_t3_corr/I250_C4_7,250,4,3,4246.69,93.6,4246.69,0.0,OPTIMAL,2349,246,234,12,0.95,0.05,6.52,85.98,15.31,70.67,0.07,0.92,0.16,0.76
1,colgen,set3_t3_corr/I250_C4_8,250,4,3,4101.88,331.35,4101.88,0.0,OPTIMAL,2747,266,251,15,0.94,0.06,8.11,322.02,20.66,301.36,0.02,0.97,0.06,0.91
1,colgen,set3_t3_corr/I250_C4_9,250,4,3,4699.42,22.39,4699.42,0.0,OPTIMAL,1924,186,175,11,0.94,0.06,3.36,18.11,10.53,7.58,0.15,0.81,0.47,0.34
1,colgen,set3_t3_noncorr/I250_C4_1,250,4,3,6035.74,11.04,6035.74,0.0,OPTIMAL,1622,144,138,6,0.96,0.04,1.58,8.7,6.81,1.89,0.14,0.79,0.62,0.17
1,colgen,set3_t3_noncorr/I250_C4_10,250,4,3,3986.96,843.9,3986.96,0.0,OPTIMAL,2848,268,252,16,0.94,0.06,9.81,832.6,24.01,808.58,0.01,0.99,0.03,0.96
1,colgen,set3_t3_noncorr/I250_C4_2,250,4,3,5144.37,25.63,5144.37,0.0,OPTIMAL,1961,176,167,9,0.95,0.05,2.96,21.77,9.73,12.04,0.12,0.85,0.38,0.47
1,colgen,set3_t3_noncorr/I250_C4_3,250,4,3,4407.64,107.56,4407.64,0.0,OPTIMAL,2347,206,195,11,0.95,0.05,5.95,100.62,14.66,85.96,0.06,0.94,0.14,0.8
1,colgen,set3_t3_noncorr/I250_C4_4,250,4,3,4450.65,90.38,4450.65,0.0,OPTIMAL,2257,221,210,11,0.95,0.05,5.34,84.07,14.32,69.74,0.06,0.93,0.16,0.77
1,colgen,set3_t3_noncorr/I250_C4_5,250,4,3,4491.49,215.91,4491.49,0.0,OPTIMAL,2489,231,216,15,0.94,0.06,6.23,208.73,16.71,192.02,0.03,0.97,0.08,0.89
1,colgen,set3_t3_noncorr/I250_C4_6,250,4,3,3795.73,9679.35,3795.73,0.0,OPTIMAL,3555,414,385,29,0.93,0.07,20.92,9656.73,61.78,9594.95,0.0,1.0,0.01,0.99
1,colgen,set3_t3_noncorr/I250_C4_7,250,4,3,4408.97,214.02,4408.97,0.0,OPTIMAL,2464,212,198,14,0.93,0.07,6.14,206.8,16.85,189.95,0.03,0.97,0.08,0.89
1,colgen,set3_t3_noncorr/I250_C4_8,250,4,3,5716.72,23.34,5716.72,0.0,OPTIMAL,1856,191,181,10,0.95,0.05,2.47,20.05,8.91,11.14,0.11,0.86,0.38,0.48
1,colgen,set3_t3_noncorr/I250_C4_9,250,4,3,4266.32,342.58,4266.32,0.0,OPTIMAL,2498,207,194,13,0.94,0.06,7.14,334.37,17.21,317.17,0.02,0.98,0.05,0.93
1,colgen,set3_t3_corr/I250_C5_1,250,5,3,6887.73,12.65,6887.73,0.0,OPTIMAL,1642,174,164,10,0.94,0.06,1.5,10.43,7.69,2.73,0.12,0.82,0.61,0.22
1,colgen,set3_t3_corr/I250_C5_10,250,5,3,5879.41,18.65,5879.41,0.0,OPTIMAL,1748,181,168,13,0.93,0.07,2.39,15.55,9.54,6.01,0.13,0.83,0.51,0.32
1,colgen,set3_t3_corr/I250_C5_2,250,5,3,4434.71,458.1,4434.71,0.0,OPTIMAL,2726,246,230,16,0.93,0.07,6.63,450.15,18.05,432.1,0.01,0.98,0.04,0.94
1,colgen,set3_t3_corr/I250_C5_3,250,5,3,6297.36,15.31,6297.36,0.0,OPTIMAL,1660,149,135,14,0.91,0.09,1.75,12.84,8.02,4.82,0.11,0.84,0.52,0.31
1,colgen,set3_t3_corr/I250_C5_4,250,5,3,4802.71,399.27,4802.71,0.0,OPTIMAL,2559,238,223,15,0.94,0.06,5.97,392.29,16.52,375.77,0.01,0.98,0.04,0.94
1,colgen,set3_t3_corr/I250_C5_5,250,5,3,5353.44,30.49,5353.44,0.0,OPTIMAL,2130,180,170,10,0.94,0.06,3.24,26.27,10.28,15.99,0.11,0.86,0.34,0.52
1,colgen,set3_t3_corr/I250_C5_6,250,5,3,7497.89,9.36,7497.89,0.0,OPTIMAL,1587,139,134,5,0.96,0.04,1.27,7.42,6.29,1.13,0.14,0.79,0.67,0.12
1,colgen,set3_t3_corr/I250_C5_7,250,5,3,4688.63,100.9,4688.63,0.0,OPTIMAL,2350,218,206,12,0.94,0.06,5.4,94.46,14.01,80.45,0.05,0.94,0.14,0.8
1,colgen,set3_t3_corr/I250_C5_8,250,5,3,5338.98,27.41,5338.98,0.0,OPTIMAL,2052,188,178,10,0.95,0.05,3.19,23.2,10.16,13.03,0.12,0.85,0.37,0.48
1,colgen,set3_t3_corr/I250_C5_9,250,5,3,6289.38,11.93,6289.38,0.0,OPTIMAL,1608,152,145,7,0.95,0.05,1.61,9.47,7.23,2.24,0.13,0.79,0.61,0.19
1,colgen,set3_t3_noncorr/I250_C5_1,250,5,3,6251.59,12.72,6251.59,0.0,OPTIMAL,1727,155,147,8,0.95,0.05,1.82,10.27,7.55,2.72,0.14,0.81,0.59,0.21
1,colgen,set3_t3_noncorr/I250_C5_10,250,5,3,4723.87,392.73,4723.87,0.0,OPTIMAL,2498,241,229,12,0.95,0.05,5.76,385.93,17.4,368.53,0.01,0.98,0.04,0.94
1,colgen,set3_t3_noncorr/I250_C5_2,250,5,3,5511.45,30.76,5511.45,0.0,OPTIMAL,2151,187,176,11,0.94,0.06,3.11,26.71,10.53,16.18,0.1,0.87,0.34,0.53
1,colgen,set3_t3_noncorr/I250_C5_3,250,5,3,5080.96,85.59,5080.96,0.0,OPTIMAL,2222,190,179,11,0.94,0.06,4.02,80.63,12.76,67.87,0.05,0.94,0.15,0.79
1,colgen,set3_t3_noncorr/I250_C5_4,250,5,3,5159.18,58.22,5159.18,0.0,OPTIMAL,2160,183,174,9,0.95,0.05,3.47,53.81,11.25,42.56,0.06,0.92,0.19,0.73
1,colgen,set3_t3_noncorr/I250_C5_5,250,5,3,4779.3,202.66,4779.3,0.0,OPTIMAL,2456,229,216,13,0.94,0.06,5.08,196.63,14.61,182.02,0.03,0.97,0.07,0.9
1,colgen,set3_t3_noncorr/I250_C5_6,250,5,3,4351.47,1225.07,4351.47,0.0,OPTIMAL,2660,211,197,14,0.93,0.07,8.01,1216.01,19.4,1196.61,0.01,0.99,0.02,0.98
1,colgen,set3_t3_noncorr/I250_C5_7,250,5,3,4821.9,212.76,4821.9,0.0,OPTIMAL,2474,228,217,11,0.95,0.05,5.37,206.41,15.36,191.05,0.03,0.97,0.07,0.9
1,colgen,set3_t3_noncorr/I250_C5_8,250,5,3,6273.65,25.65,6273.65,0.0,OPTIMAL,2137,219,207,12,0.95,0.05,2.78,21.92,10.56,11.36,0.11,0.85,0.41,0.44
1,colgen,set3_t3_noncorr/I250_C5_9,250,5,3,5150.09,97.3,5150.09,0.0,OPTIMAL,2260,207,194,13,0.94,0.06,4.24,92.22,13.34,78.88,0.04,0.95,0.14,0.81
1,colgen,set3_t3_corr/I500_C3_1,500,3,3,9743.72,189.65,9743.72,0.0,OPTIMAL,3879,345,328,17,0.95,0.05,26.8,160.51,37.99,122.52,0.14,0.85,0.2,0.65
1,colgen,set3_t3_corr/I500_C3_10,500,3,3,13238.19,56.6,13238.19,0.0,OPTIMAL,3244,311,299,12,0.96,0.04,11.17,43.9,22.6,21.3,0.2,0.78,0.4,0.38
1,colgen,set3_t3_corr/I500_C3_2,500,3,3,9863.46,160.11,9863.46,0.0,OPTIMAL,3962,373,361,12,0.97,0.03,29.15,128.86,34.21,94.64,0.18,0.8,0.21,0.59
1,colgen,set3_t3_corr/I500_C3_3,500,3,3,8523.35,680.36,8523.35,0.0,OPTIMAL,4737,470,441,29,0.94,0.06,52.84,624.8,75.48,549.31,0.08,0.92,0.11,0.81
1,colgen,set3_t3_corr/I500_C3_4,500,3,3,6960.68,12198.75,6960.68,0.0,OPTIMAL,6661,864,825,39,0.95,0.05,124.78,12069.97,158.77,11911.2,0.01,0.99,0.01,0.98
1,colgen,set3_t3_corr/I500_C3_5,500,3,3,12051.54,63.38,12051.54,0.0,OPTIMAL,3114,274,260,14,0.95,0.05,12.56,49.42,22.54,26.87,0.2,0.78,0.36,0.42
1,colgen,set3_t3_corr/I500_C3_6,500,3,3,9884.87,145.44,9884.87,0.0,OPTIMAL,3931,336,321,15,0.96,0.04,25.6,117.83,33.24,84.58,0.18,0.81,0.23,0.58
1,colgen,set3_t3_corr/I500_C3_7,500,3,3,10646.01,141.94,10646.01,0.0,OPTIMAL,4004,370,354,16,0.96,0.04,25.59,114.15,34.82,79.34,0.18,0.8,0.25,0.56
1,colgen,set3_t3_corr/I500_C3_8,500,3,3,9410.3,2689.61,9410.3,0.0,OPTIMAL,4896,431,414,17,0.96,0.04,48.33,2638.67,51.8,2586.87,0.02,0.98,0.02,0.96
1,colgen,set3_t3_corr/I500_C3_9,500,3,3,11867.54,68.97,11867.54,0.0,OPTIMAL,3218,289,275,14,0.95,0.05,13.4,54.11,24.39,29.72,0.19,0.78,0.35,0.43
1,colgen,set3_t3_noncorr/I500_C3_1,500,3,3,8531.54,1572.6,8531.54,0.0,OPTIMAL,4923,478,454,24,0.95,0.05,52.41,1517.51,65.24,1452.27,0.03,0.96,0.04,0.92
1,colgen,set3_t3_noncorr/I500_C3_10,500,3,3,9074.95,305.03,9074.95,0.0,OPTIMAL,4294,394,378,16,0.96,0.04,37.52,265.19,46.89,218.29,0.12,0.87,0.15,0.72
1,colgen,set3_t3_noncorr/I500_C3_2,500,3,3,10152.45,144.95,10152.45,0.0,OPTIMAL,3668,316,301,15,0.95,0.05,23.49,119.49,32.94,86.55,0.16,0.82,0.23,0.6
1,colgen,set3_t3_noncorr/I500_C3_3,500,3,3,12009.7,67.32,12009.7,0.0,OPTIMAL,3237,313,301,12,0.96,0.04,14.95,50.79,24.64,26.15,0.22,0.75,0.37,0.39
1,colgen,set3_t3_noncorr/I500_C3_4,500,3,3,8777.65,3762.02,8777.65,0.0,OPTIMAL,5221,409,389,20,0.95,0.05,54.41,3704.75,59.55,3645.21,0.01,0.98,0.02,0.97
1,colgen,set3_t3_noncorr/I500_C3_5,500,3,3,8716.4,1393.73,8716.4,0.0,OPTIMAL,4961,521,490,31,0.94,0.06,54.8,1336.18,78.49,1257.69,0.04,0.96,0.06,0.9
1,colgen,set3_t3_noncorr/I500_C3_6,500,3,3,11072.83,131.01,11072.83,0.0,OPTIMAL,3771,347,331,16,0.95,0.05,21.54,107.51,30.71,76.81,0.16,0.82,0.23,0.59
1,colgen,set3_t3_noncorr/I500_C3_7,500,3,3,8112.81,4134.74,8112.81,0.0,OPTIMAL,5530,572,546,26,0.95,0.05,79.7,4051.72,88.52,3963.2,0.02,0.98,0.02,0.96
1,colgen,set3_t3_noncorr/I500_C3_8,500,3,3,8393.44,9272.73,8393.44,0.0,OPTIMAL,5357,493,471,22,0.96,0.04,65.57,9204.18,72.65,9131.53,0.01,0.99,0.01,0.98
1,colgen,set3_t3_noncorr/I500_C3_9,500,3,3,8128.2,713.76,8128.2,0.0,OPTIMAL,4805,521,493,28,0.95,0.05,56.36,654.59,79.3,575.3,0.08,0.92,0.11,0.81
1,colgen,set3_t3_corr/I500_C4_1,500,4,3,12939.28,77.8,12939.28,0.0,OPTIMAL,3444,333,315,18,0.95,0.05,13.89,62.19,27.14,35.06,0.18,0.8,0.35,0.45
1,colgen,set3_t3_corr/I500_C4_10,500,4,3,16119.5,22.36,16119.5,0.0,OPTIMAL,2666,171,170,1,0.99,0.01,5.66,15.54,14.08,1.46,0.25,0.69,0.63,0.07
1,colgen,set3_t3_corr/I500_C4_2,500,4,3,11018.57,295.2,11018.57,0.0,OPTIMAL,4121,418,393,25,0.94,0.06,28.93,264.14,43.4,220.74,0.1,0.89,0.15,0.75
1,colgen,set3_t3_corr/I500_C4_3,500,4,3,9942.96,684.23,9942.96,0.0,OPTIMAL,4440,402,384,18,0.96,0.04,39.91,641.72,46.46,595.26,0.06,0.94,0.07,0.87
1,colgen,set3_t3_corr/I500_C4_4,500,4,3,10178.13,255.92,10178.13,0.0,OPTIMAL,4262,375,360,15,0.96,0.04,30.99,222.5,39.65,182.85,0.12,0.87,0.15,0.71
1,colgen,set3_t3_corr/I500_C4_5,500,4,3,12465.27,87.12,12465.27,0.0,OPTIMAL,3421,322,303,19,0.94,0.06,15.47,70.04,29.37,40.67,0.18,0.8,0.34,0.47
1,colgen,set3_t3_corr/I500_C4_6,500,4,3,12345.96,81.94,12345.96,0.0,OPTIMAL,3348,311,293,18,0.94,0.06,14.84,65.47,26.42,39.05,0.18,0.8,0.32,0.48
1,colgen,set3_t3_corr/I500_C4_7,500,4,3,11379.79,185.41,11379.79,0.0,OPTIMAL,4229,413,392,21,0.95,0.05,26.73,156.46,38.54,117.92,0.14,0.84,0.21,0.64
1,colgen,set3_t3_corr/I500_C4_8,500,4,3,10316.69,4050.35,10316.69,0.0,OPTIMAL,5209,520,494,26,0.95,0.05,45.71,4001.78,62.79,3938.99,0.01,0.99,0.02,0.97
1,colgen,set3_t3_corr/I500_C4_9,500,4,3,15782.21,32.34,15782.21,0.0,OPTIMAL,3005,240,236,4,0.98,0.02,7.73,23.26,17.6,5.65,0.24,0.72,0.54,0.17
1,colgen,set3_t3_noncorr/I500_C4_1,500,4,3,10693.45,528.6,10693.45,0.0,OPTIMAL,4349,377,364,13,0.97,0.03,31.47,494.82,38.25,456.58,0.06,0.94,0.07,0.86
1,colgen,set3_t3_noncorr/I500_C4_10,500,4,3,11521.73,242.75,11521.73,0.0,OPTIMAL,4176,441,421,20,0.95,0.05,28.72,211.75,42.53,169.22,0.12,0.87,0.18,0.7
1,colgen,set3_t3_noncorr/I500_C4_2,500,4,3,11338.5,225.47,11338.5,0.0,OPTIMAL,4032,417,396,21,0.95,0.05,26.61,196.71,37.66,159.05,0.12,0.87,0.17,0.71
1,colgen,set3_t3_noncorr/I500_C4_3,500,4,3,13578.29,124.86,13578.29,0.0,OPTIMAL,4110,463,433,30,0.94,0.06,17.6,105.2,37.51,67.7,0.14,0.84,0.3,0.54
1,colgen,set3_t3_noncorr/I500_C4_4,500,4,3,10499.12,1618.19,10499.12,0.0,OPTIMAL,4675,477,451,26,0.95,0.05,39.61,1575.97,56.58,1519.39,0.02,0.97,0.03,0.94
1,colgen,set3_t3_noncorr/I500_C4_5,500,4,3,10070.28,1418.75,10070.28,0.0,OPTIMAL,4691,423,404,19,0.96,0.04,42.57,1373.58,50.66,1322.92,0.03,0.97,0.04,0.93
1,colgen,set3_t3_noncorr/I500_C4_6,500,4,3,12465.8,134.21,12465.8,0.0,OPTIMAL,4093,385,368,17,0.96,0.04,20.87,111.3,32.56,78.74,0.16,0.83,0.24,0.59
1,colgen,set3_t3_noncorr/I500_C4_7,500,4,3,10494.29,718.41,10494.29,0.0,OPTIMAL,4248,384,368,16,0.96,0.04,33.09,682.83,41.71,641.12,0.05,0.95,0.06,0.89
1,colgen,set3_t3_noncorr/I500_C4_8,500,4,3,9573.32,14075.52,9573.32,0.0,OPTIMAL,5309,536,514,22,0.96,0.04,59.07,14013.43,81.68,13931.74,0.0,1.0,0.01,0.99
1,colgen,set3_t3_noncorr/I500_C4_9,500,4,3,10447.33,281.93,10447.33,0.0,OPTIMAL,4023,353,336,17,0.95,0.05,28.5,250.85,36.95,213.9,0.1,0.89,0.13,0.76
1,colgen,set3_t3_corr/I500_C5_1,500,5,3,15954.41,31.35,15954.41,0.0,OPTIMAL,2836,200,195,5,0.97,0.03,6.69,23.4,16.36,7.04,0.21,0.75,0.52,0.22
1,colgen,set3_t3_corr/I500_C5_10,500,5,3,15816.49,34.21,15816.49,0.0,OPTIMAL,3019,228,223,5,0.98,0.02,7.41,25.34,18.02,7.32,0.22,0.74,0.53,0.21
1,colgen,set3_t3_corr/I500_C5_2,500,5,3,12117.9,278.1,12117.9,0.0,OPTIMAL,4522,616,582,34,0.94,0.06,28.17,247.52,53.52,193.99,0.1,0.89,0.19,0.7
1,colgen,set3_t3_corr/I500_C5_3,500,5,3,10693.39,1009.38,10693.39,0.0,OPTIMAL,4847,455,430,25,0.95,0.05,39.53,967.08,55.14,911.94,0.04,0.96,0.05,0.9
1,colgen,set3_t3_corr/I500_C5_4,500,5,3,12524.12,92.49,12524.12,0.0,OPTIMAL,3748,386,370,16,0.96,0.04,18.77,71.96,36.51,35.45,0.2,0.78,0.39,0.38
1,colgen,set3_t3_corr/I500_C5_5,500,5,3,15923.15,37.2,15923.15,0.0,OPTIMAL,2975,217,209,8,0.96,0.04,7.15,28.74,17.41,11.34,0.19,0.77,0.47,0.3
1,colgen,set3_t3_corr/I500_C5_6,500,5,3,12664.1,101.5,12664.1,0.0,OPTIMAL,3671,396,375,21,0.95,0.05,18.7,81.05,35.59,45.45,0.18,0.8,0.35,0.45
1,colgen,set3_t3_corr/I500_C5_7,500,5,3,13749.69,72.98,13749.69,0.0,OPTIMAL,3773,387,371,16,0.96,0.04,14.05,57.07,28.91,28.16,0.19,0.78,0.4,0.39
1,colgen,set3_t3_corr/I500_C5_8,500,5,3,10811.01,5188.38,10811.01,0.0,OPTIMAL,5459,548,517,31,0.94,0.06,48.4,5136.82,74.95,5061.87,0.01,0.99,0.01,0.98
1,colgen,set3_t3_corr/I500_C5_9,500,5,3,18844.15,80.35,18844.15,0.0,OPTIMAL,3064,296,257,39,0.87,0.13,4.22,74.75,25.09,49.66,0.05,0.93,0.31,0.62
1,colgen,set3_t3_noncorr/I500_C5_1,500,5,3,12277.81,257.36,12277.81,0.0,OPTIMAL,4249,532,506,26,0.95,0.05,25.63,229.5,45.47,184.03,0.1,0.89,0.18,0.72
1,colgen,set3_t3_noncorr/I500_C5_10,500,5,3,12380.65,242.37,12380.65,0.0,OPTIMAL,4212,498,475,23,0.95,0.05,25.88,214.06,42.13,171.93,0.11,0.88,0.17,0.71
1,colgen,set3_t3_noncorr/I500_C5_2,500,5,3,13574.21,110.68,13574.21,0.0,OPTIMAL,4004,484,458,26,0.95,0.05,17.51,91.26,36.44,54.82,0.16,0.82,0.33,0.5
1,colgen,set3_t3_noncorr/I500_C5_3,500,5,3,15138.4,52.44,15138.4,0.0,OPTIMAL,3531,259,249,10,0.96,0.04,11.19,39.53,21.22,18.32,0.21,0.75,0.4,0.35
1,colgen,set3_t3_noncorr/I500_C5_4,500,5,3,11603.84,1371.62,11603.84,0.0,OPTIMAL,5127,648,608,40,0.94,0.06,38.65,1329.67,59.22,1270.45,0.03,0.97,0.04,0.93
1,colgen,set3_t3_noncorr/I500_C5_5,500,5,3,11486.18,1788.74,11486.18,0.0,OPTIMAL,4739,576,543,33,0.94,0.06,35.92,1750.25,58.16,1692.1,0.02,0.98,0.03,0.95
1,colgen,set3_t3_noncorr/I500_C5_6,500,5,3,14913.58,39.3,14913.58,0.0,OPTIMAL,3244,240,235,5,0.98,0.02,8.75,29.17,20.03,9.14,0.22,0.74,0.51,0.23
1,colgen,set3_t3_noncorr/I500_C5_7,500,5,3,11844.53,1074.1,11844.53,0.0,OPTIMAL,4593,552,526,26,0.95,0.05,30.34,1041.03,51.84,989.19,0.03,0.97,0.05,0.92
1,colgen,set3_t3_noncorr/I500_C5_8,500,5,3,11490.84,1098.99,11490.84,0.0,OPTIMAL,4979,622,588,34,0.95,0.05,37.12,1058.91,63.84,995.06,0.03,0.96,0.06,0.91
1,colgen,set3_t3_noncorr/I500_C5_9,500,5,3,11222.44,412.04,11222.44,0.0,OPTIMAL,4511,482,458,24,0.95,0.05,33.38,376.02,46.98,329.04,0.08,0.91,0.11,0.8
1,colgen,set3_t3_corr/I1000_C3_1,1000,3,3,19110.72,60310.65,19110.72,0.0,OPTIMAL,10828,1161,1127,34,0.97,0.03,454.42,59845.83,322.8,59523.04,0.01,0.99,0.01,0.99
1,colgen,set3_t3_corr/I1000_C3_10,1000,3,3,15320.92,158401.72,0.0,1.0,TIMELIMIT,13065,1002,1000,2,1.0,0.0,933.95,157455.03,229.57,157225.46,0.01,0.99,0.0,0.99
1,colgen,set3_t3_corr/I1000_C3_2,1000,3,3,18452.32,45542.82,18452.32,0.0,OPTIMAL,10185,954,927,27,0.97,0.03,427.99,45106.34,280.84,44825.5,0.01,0.99,0.01,0.98
1,colgen,set3_t3_corr/I1000_C3_3,1000,3,3,20779.82,1617.65,20779.82,0.0,OPTIMAL,7982,726,700,26,0.96,0.04,197.9,1412.55,164.41,1248.14,0.12,0.87,0.1,0.77
1,colgen,set3_t3_corr/I1000_C3_4,1000,3,3,23374.35,1470.51,23374.35,0.0,OPTIMAL,8401,969,930,39,0.96,0.04,217.02,1245.64,223.39,1022.25,0.15,0.85,0.15,0.7
1,colgen,set3_t3_corr/I1000_C3_5,1000,3,3,15325.56,158401.98,0.0,1.0,TIMELIMIT,11401,731,729,2,1.0,0.0,726.02,157665.53,171.74,157493.79,0.0,1.0,0.0,0.99
1,colgen,set3_t3_corr/I1000_C3_6,1000,3,3,23069.5,1086.71,23069.5,0.0,OPTIMAL,7548,767,733,34,0.96,0.04,166.59,913.44,180.24,733.2,0.15,0.84,0.17,0.67
1,colgen,set3_t3_corr/I1000_C3_7,1000,3,3,20431.66,6961.27,20431.66,0.0,OPTIMAL,9348,849,822,27,0.97,0.03,292.55,6660.12,219.0,6441.12,0.04,0.96,0.03,0.93
1,colgen,set3_t3_corr/I1000_C3_8,1000,3,3,22462.25,1356.93,22462.25,0.0,OPTIMAL,7957,837,809,28,0.97,0.03,197.24,1152.18,186.8,965.38,0.15,0.85,0.14,0.71
1,colgen,set3_t3_corr/I1000_C3_9,1000,3,3,29242.32,295.4,29242.32,0.0,OPTIMAL,6833,733,722,11,0.98,0.02,74.84,215.16,92.93,122.22,0.25,0.73,0.31,0.41
1,colgen,set3_t3_noncorr/I1000_C3_1,1000,3,3,20424.75,2748.52,20424.75,0.0,OPTIMAL,8098,752,726,26,0.97,0.03,234.59,2506.2,162.89,2343.31,0.09,0.91,0.06,0.85
1,colgen,set3_t3_noncorr/I1000_C3_10,1000,3,3,18085.2,92691.64,17773.36,0.02,TIMELIMIT,11003,1092,1076,16,0.99,0.01,540.33,92141.2,290.24,91850.97,0.01,0.99,0.0,0.99
1,colgen,set3_t3_noncorr/I1000_C3_2,1000,3,3,25628.09,504.21,25628.09,0.0,OPTIMAL,6635,629,607,22,0.97,0.03,94.17,404.26,104.83,299.43,0.19,0.8,0.21,0.59
1,colgen,set3_t3_noncorr/I1000_C3_3,1000,3,3,19918.57,12125.65,19918.57,0.0,OPTIMAL,9444,834,803,31,0.96,0.04,315.1,11801.75,211.21,11590.53,0.03,0.97,0.02,0.96
1,colgen,set3_t3_noncorr/I1000_C3_4,1000,3,3,22342.66,1093.73,22342.66,0.0,OPTIMAL,7470,684,664,20,0.97,0.03,149.5,937.47,129.0,808.48,0.14,0.86,0.12,0.74
1,colgen,set3_t3_noncorr/I1000_C3_5,1000,3,3,20334.87,8345.28,20334.87,0.0,OPTIMAL,8734,751,728,23,0.97,0.03,261.79,8075.26,177.12,7898.14,0.03,0.97,0.02,0.95
1,colgen,set3_t3_noncorr/I1000_C3_6,1000,3,3,21803.75,5330.21,21803.75,0.0,OPTIMAL,8552,812,789,23,0.97,0.03,222.79,5099.77,165.33,4934.44,0.04,0.96,0.03,0.93
1,colgen,set3_t3_noncorr/I1000_C3_7,1000,3,3,19274.84,9520.45,19274.84,0.0,OPTIMAL,9400,835,812,23,0.97,0.03,335.41,9175.86,193.74,8982.12,0.04,0.96,0.02,0.94
1,colgen,set3_t3_noncorr/I1000_C3_8,1000,3,3,19432.32,14485.9,19432.32,0.0,OPTIMAL,9227,840,816,24,0.97,0.03,340.18,14137.22,210.43,13926.8,0.02,0.98,0.01,0.96
1,colgen,set3_t3_noncorr/I1000_C3_9,1000,3,3,18848.57,14419.42,18848.57,0.0,OPTIMAL,9456,838,812,26,0.97,0.03,358.39,14051.68,203.33,13848.36,0.02,0.97,0.01,0.96
1,colgen,set3_t3_corr/I1000_C4_1,1000,4,3,21147.06,90347.93,21137.46,0.0,TIMELIMIT,10962,1170,1125,45,0.96,0.04,379.7,89957.54,340.94,89616.6,0.0,1.0,0.0,0.99
1,colgen,set3_t3_corr/I1000_C4_10,1000,4,3,17978.59,158400.87,0.0,1.0,TIMELIMIT,11699,890,888,2,1.0,0.0,601.57,157788.3,202.92,157585.38,0.0,1.0,0.0,0.99
1,colgen,set3_t3_corr/I1000_C4_2,1000,4,3,24519.17,1580.17,24519.17,0.0,OPTIMAL,8631,1138,1088,50,0.96,0.04,210.45,1361.88,282.23,1079.65,0.13,0.86,0.18,0.68
1,colgen,set3_t3_corr/I1000_C4_3,1000,4,3,28705.92,372.01,28705.92,0.0,OPTIMAL,7191,806,791,15,0.98,0.02,83.61,282.62,108.63,173.99,0.22,0.76,0.29,0.47
1,colgen,set3_t3_corr/I1000_C4_4,1000,4,3,24110.04,2130.9,24110.04,0.0,OPTIMAL,9458,1388,1332,56,0.96,0.04,232.85,1888.9,295.59,1593.31,0.11,0.89,0.14,0.75
1,colgen,set3_t3_corr/I1000_C4_5,1000,4,3,20053.65,88734.04,20046.65,0.0,TIMELIMIT,10938,1158,1120,38,0.97,0.03,407.19,88316.72,321.97,87994.74,0.0,1.0,0.0,0.99
1,colgen,set3_t3_corr/I1000_C4_6,1000,4,3,30142.27,252.95,30142.27,0.0,OPTIMAL,6324,568,558,10,0.98,0.02,64.27,183.95,79.52,104.43,0.25,0.73,0.31,0.41
1,colgen,set3_t3_corr/I1000_C4_7,1000,4,3,25596.31,1021.92,25596.31,0.0,OPTIMAL,8105,854,823,31,0.96,0.04,155.87,859.04,179.88,679.17,0.15,0.84,0.18,0.66
1,colgen,set3_t3_corr/I1000_C4_8,1000,4,3,23726.31,2576.56,23726.31,0.0,OPTIMAL,9072,1201,1143,58,0.95,0.05,228.33,2339.8,312.29,2027.51,0.09,0.91,0.12,0.79
1,colgen,set3_t3_corr/I1000_C4_9,1000,4,3,35173.8,798.42,35173.8,0.0,OPTIMAL,6353,610,555,55,0.91,0.09,42.75,750.34,135.6,614.74,0.05,0.94,0.17,0.77
1,colgen,set3_t3_noncorr/I1000_C4_1,1000,4,3,22397.25,4586.97,22397.25,0.0,OPTIMAL,9043,1045,1001,44,0.96,0.04,248.51,4330.26,249.13,4081.13,0.05,0.94,0.05,0.89
1,colgen,set3_t3_noncorr/I1000_C4_10,1000,4,3,20215.91,100129.42,19987.37,0.01,TIMELIMIT,10891,1211,1197,14,0.99,0.01,438.45,99680.8,299.37,99381.43,0.0,1.0,0.0,0.99
1,colgen,set3_t3_noncorr/I1000_C4_2,1000,4,3,32831.76,154.1,32831.76,0.0,OPTIMAL,5406,360,355,5,0.99,0.01,41.91,108.15,52.8,55.35,0.27,0.7,0.34,0.36
1,colgen,set3_t3_noncorr/I1000_C4_3,1000,4,3,25287.52,1185.02,25287.52,0.0,OPTIMAL,8726,916,883,33,0.96,0.04,176.48,1000.34,194.13,806.21,0.15,0.84,0.16,0.68
1,colgen,set3_t3_noncorr/I1000_C4_4,1000,4,3,30065.72,321.59,30065.72,0.0,OPTIMAL,6459,524,510,14,0.97,0.03,70.6,246.09,73.48,172.61,0.22,0.77,0.23,0.54
1,colgen,set3_t3_noncorr/I1000_C4_5,1000,4,3,26116.22,1620.04,26116.22,0.0,OPTIMAL,8549,898,860,38,0.96,0.04,144.69,1467.49,180.23,1287.26,0.09,0.91,0.11,0.79
1,colgen,set3_t3_noncorr/I1000_C4_6,1000,4,3,23230.87,10282.54,23230.87,0.0,OPTIMAL,9516,1159,1114,45,0.96,0.04,241.75,10031.93,219.68,9812.25,0.02,0.98,0.02,0.95
1,colgen,set3_t3_noncorr/I1000_C4_7,1000,4,3,24159.47,2191.13,24159.47,0.0,OPTIMAL,8815,1097,1052,45,0.96,0.04,201.06,1982.05,211.89,1770.16,0.09,0.9,0.1,0.81
1,colgen,set3_t3_noncorr/I1000_C4_8,1000,4,3,22799.88,16127.03,22799.88,0.0,OPTIMAL,9894,1285,1234,51,0.96,0.04,278.81,15838.58,278.92,15559.66,0.02,0.98,0.02,0.96
1,colgen,set3_t3_noncorr/I1000_C4_9,1000,4,3,24109.98,1979.93,24109.98,0.0,OPTIMAL,8773,1129,1088,41,0.96,0.04,203.17,1769.36,248.24,1521.12,0.1,0.89,0.13,0.77
1,colgen,set3_t3_corr/I1000_C5_1,1000,5,3,21945.28,89354.07,21862.31,0.0,TIMELIMIT,11355,1124,1080,44,0.96,0.04,359.22,88983.61,323.91,88659.69,0.0,1.0,0.0,0.99
1,colgen,set3_t3_corr/I1000_C5_10,1000,5,3,19552.08,158401.05,0.0,1.0,TIMELIMIT,11522,917,915,2,1.0,0.0,510.79,157879.37,211.76,157667.62,0.0,1.0,0.0,1.0
1,colgen,set3_t3_corr/I1000_C5_2,1000,5,3,24989.68,2331.05,24989.68,0.0,OPTIMAL,9242,1406,1329,77,0.95,0.05,231.77,2091.02,315.02,1776.0,0.1,0.9,0.14,0.76
1,colgen,set3_t3_corr/I1000_C5_3,1000,5,3,33877.6,1068.06,33877.6,0.0,OPTIMAL,6955,697,626,71,0.9,0.1,55.15,1006.53,174.21,832.32,0.05,0.94,0.16,0.78
1,colgen,set3_t3_corr/I1000_C5_4,1000,5,3,24884.12,3024.19,24884.12,0.0,OPTIMAL,10018,1528,1443,85,0.94,0.06,255.55,2758.49,302.6,2455.89,0.08,0.91,0.1,0.81
1,colgen,set3_t3_corr/I1000_C5_5,1000,5,3,21229.58,89027.51,21229.58,0.0,OPTIMAL,11212,1098,1059,39,0.96,0.04,393.19,88623.51,290.28,88333.23,0.0,1.0,0.0,0.99
1,colgen,set3_t3_corr/I1000_C5_6,1000,5,3,30564.68,350.26,30564.68,0.0,OPTIMAL,6849,731,716,15,0.98,0.02,73.31,271.31,106.18,165.12,0.21,0.77,0.3,0.47
1,colgen,set3_t3_corr/I1000_C5_7,1000,5,3,28002.16,876.58,28002.16,0.0,OPTIMAL,8720,966,938,28,0.97,0.03,118.05,750.89,163.8,587.09,0.13,0.86,0.19,0.67
1,colgen,set3_t3_corr/I1000_C5_8,1000,5,3,29316.58,441.25,29316.58,0.0,OPTIMAL,7501,798,778,20,0.97,0.03,91.18,343.85,113.75,230.1,0.21,0.78,0.26,0.52
1,colgen,set3_t3_corr/I1000_C5_9,1000,5,3,35279.99,1062.53,35279.99,0.0,OPTIMAL,6738,654,581,73,0.89,0.11,46.18,1010.41,184.8,825.61,0.04,0.95,0.17,0.78
1,colgen,set3_t3_noncorr/I1000_C5_1,1000,5,3,24880.15,3960.17,24880.15,0.0,OPTIMAL,9972,1364,1294,70,0.95,0.05,260.75,3690.1,229.19,3460.91,0.07,0.93,0.06,0.87
1,colgen,set3_t3_noncorr/I1000_C5_10,1000,5,3,22424.11,90954.55,22356.65,0.0,TIMELIMIT,11355,1361,1333,28,0.98,0.02,355.9,90587.88,334.67,90253.2,0.0,1.0,0.0,0.99
1,colgen,set3_t3_noncorr/I1000_C5_2,1000,5,3,33168.87,156.84,33168.87,0.0,OPTIMAL,5703,345,340,5,0.99,0.01,43.37,108.98,52.35,56.63,0.28,0.69,0.33,0.36
1,colgen,set3_t3_noncorr/I1000_C5_3,1000,5,3,25435.83,1402.26,25435.83,0.0,OPTIMAL,8945,1023,984,39,0.96,0.04,189.2,1204.39,247.51,956.88,0.13,0.86,0.18,0.68
1,colgen,set3_t3_noncorr/I1000_C5_4,1000,5,3,33300.92,140.21,33300.92,0.0,OPTIMAL,5737,347,344,3,0.99,0.01,47.67,88.23,53.55,34.68,0.34,0.63,0.38,0.25
1,colgen,set3_t3_noncorr/I1000_C5_5,1000,5,3,32486.77,136.11,32486.77,0.0,OPTIMAL,5373,304,301,3,0.99,0.01,44.07,87.85,49.03,38.82,0.32,0.65,0.36,0.29
1,colgen,set3_t3_noncorr/I1000_C5_6,1000,5,3,25082.59,10978.21,25082.59,0.0,OPTIMAL,9886,1270,1217,53,0.96,0.04,244.69,10723.93,232.84,10491.09,0.02,0.98,0.02,0.96
1,colgen,set3_t3_noncorr/I1000_C5_7,1000,5,3,24662.92,3433.18,24662.92,0.0,OPTIMAL,9723,1396,1325,71,0.95,0.05,235.53,3188.52,304.73,2883.79,0.07,0.93,0.09,0.84
1,colgen,set3_t3_noncorr/I1000_C5_8,1000,5,3,23977.19,38022.08,23977.19,0.0,OPTIMAL,11590,1745,1622,123,0.93,0.07,308.1,37701.93,338.92,37363.01,0.01,0.99,0.01,0.98
1,colgen,set3_t3_noncorr/I1000_C5_9,1000,5,3,24880.11,3608.67,24880.11,0.0,OPTIMAL,9506,1445,1364,81,0.94,0.06,241.4,3358.49,345.34,3013.15,0.07,0.93,0.1,0.83
